delete from Follow
go


delete from "Post Content"
go


delete from Comment
go


delete from Post
go


delete from Board
go


delete from "User"
go


insert into "User"
    ("User ID", "User Name", "User Email", Address, Telphone, Description, Password, "Creating Time")
values
    (9, '7JG4DF58', '4GH60WJCKEUCT1BOYJDYW1X29XRYI0B12U SXBL5II237TBXUG', 'O39NJL11RLUVS483FS32KPJAEXCIEN0NDYPAOXVTX5OP9B5R2N', 73, 'GS4N24AY23X0JTH7NAX5MNKDCKNM47CJELJXS8PXQV B6NSKWBLMSCRV7DDKHTV 0T49OJHTFOF29CFKDFVIGF3NJ0V3TE5PU5 LWPBVQMFIDEH7WI1D5PSYVK3S J9A2YVSXQX08WO3FHTFCV 9 82N1LFICOSY4MQY85YD LRY0H1V6KW7WTLUKJFDMQ1I04LG WHCP8XA0C343VPDOLT2T1H73S3HYYIDH8CY4OF8MNED0PRHJK6A4XFMABJ', '4NXQ7SS8', '2025-9-18 15:54:26')
go


insert into "User"
    ("User ID", "User Name", "User Email", Address, Telphone, Description, Password, "Creating Time")
values
    (73, 'WQ80YYYS', '5MIEUTE5HYA4T25VU74V95GG01W5M58RQ47Q4DBHR90BYCWM5A', '5PNN8RFMNF G8AYSJ23F0LUOSCO 6SX W2P6CU5BVMINL4XMEV', 93, 'Y02MURR6VK81KXYOFE84JA2ROFS1DAUJDFII0CRUXIPBBDE7WVHY2LLLJIVG7TISYDOEKWWBBT61BI4AGXX5J0JHT79R5WAGTB880PUS48JLE 54UU78AYD8 WQHDMGX2W7V3KP613WYCNFOVH0XANMMXHH00EF DVGYYN0Q1R0NKW9DR8QK9A4GECY6FPHEXLVKV750T8SDCK6IDXJPVA NQ8NCK83QRVOGIS3 HPQ862YIKXKV7JN7870E87M', '50GNGK33', '2038-12-22 20:49:5')
go


insert into "User"
    ("User ID", "User Name", "User Email", Address, Telphone, Description, Password, "Creating Time")
values
    (15, 'Y6HRSXXU', 'J1D2HLV6RVYPKSX4PIEE18738AEE UO3T33W0 RNB S7CNJ9WE', '0JSJ8OUOLEDSYQ9TV XW2JAPC AQE9HX3FQD0 DS6H YJ183HL', 14, 'I DJNVG5V5YKQXJMJK8I27O 434UOSSV3PEYAVMFOF4YIYXTMLS8IVX47IUBM79T ORCSR8 QR205C AB2E1WD0BPRP LTC 3WLC0GJNCM7UXJLG3RE09AQ6N 1I5AG8KJ1WIPQ0X83MIR11IPYCU9NRO7OET YPRBR2BFN2436 VDRKX OP1PAWD4S4OB0QSSAAWFKDSR2D35CDO8XCWSRKBAH02KVADKDYRMNWAU0VFNE8NL27QH3UTMXXJI8', 'U74QNVSL', '2023-4-9 14:45:24')
go


insert into "User"
    ("User ID", "User Name", "User Email", Address, Telphone, Description, Password, "Creating Time")
values
    (61, 'XQ6AYBYV', '8MM3MNWB0OPQOYHWWISKF60W8D YJCOU20RNS8VBOEELSVILFH', '86V5VKEYP3Y7QBWS58RU2LNAV3SPBX7LUISEWJEKV8SKJ2I30B', 53, 'A7OQFXRA5T7F17VA13821XPNUBR DRL84DETWBLXNLERQH0Y8SLRVB6IMSOU11B49A2GSR23FBG G48W8I25IUCQ8J6RK6Y69M5H AKXEVI2MY4NEK VMIKRD8V0AO6GO83BX 0 QB3CNJU1IL8IJMGDRRN9K0O23P0B6QB66V59DVMU4L8GR9V8AOLISA6DFE5WOICBVE4NIANVPRK71RLXSGP0JN3C50T02TUTVN3A7P2YVNS7 BNO 6V94PS', '7LKUJ0A1', '2028-7-26 17:12:15')
go


insert into "User"
    ("User ID", "User Name", "User Email", Address, Telphone, Description, Password, "Creating Time")
values
    (30, '4CDFGM59', 'S9UHNVGESJ RWEWX0X9M06N9SOERJM0KO72PU4J3NP40Y0JODH', 'VS4O7RB5F5JBFDAEKUGL01VGQPWNVRE I98Y7CL2E  P4GCOY3', 19, 'MPEY11L7EAAVM74F90LK DXIR9WNM21SVQRO0N26BTMIOEO1I72IB DJL9XMAGEQC7BHJXHX9M7CTUV NCPO8YP62W78D5TS7BAMLIVD4XSF X UPB61Y2DCV20PD RPLIJ304A3L10B8N0JBJLX3LE4EYOC0K XITS75P82DR3H0I1T EY1FU1CWUR7U4N 7S1TOAQSJVX7QFLPFYHBL996N1GSAMN76Q517 656T 7647K1SVIP78HDJYJOVW', 'I58HT673', '2034-3-14 19:9:51')
go


insert into "User"
    ("User ID", "User Name", "User Email", Address, Telphone, Description, Password, "Creating Time")
values
    (25, 'MYBBAP3 ', '21MW55JCGIKFQ 5BOPE46W3MCD0X3UA 9VPO STYPBGVC1D3MN', 'YVPK H8O NT4RVSAAOSGSJ8WBLYD7V XCY5H43HWX69P3I6OSL', 87, '9EO6K90QAVU60FB7CNHMDFSU8I0TKJTH463R8A0NAGIIP8QA34QOQW6J1RV K HHV47DR9AUGW7Y58L4CKQNRRVPRS4LNPKX6AYP9GJN230JDMNI8RGQW6C2WJJAEPH80TSCFOKUD2E2CXMHDYKB0T6YKU92YIM9YB4LEA JPACVJIU3TDM7IFJ40SKUCR3 5YCLPKRO5YX1TIS9WLFR3EVXXKVOKJ3OF6K QFPGLU8619VR0OB6I9SDHGW28HD', 'QDDL0V80', '1996-7-27 2:55:31')
go


insert into "User"
    ("User ID", "User Name", "User Email", Address, Telphone, Description, Password, "Creating Time")
values
    (89, 'JVFPEHHQ', 'AA 3SBN383GX4S1VLVAGVOEHISI6KW00SO8TMSKT710NOIR7IB', 'MVHN25V4ECXHI5M476JOG 9G35IXIE22QAK9E7YOLKHQKNW4JK', 56, '8K8  NECDGEIQJLOU6CMEROG8PDHF71AJ4GQU6EU5SQT37LM9XTG EE5DAW0YPOI38RPLSOTIJSD7E52J5WLR0PQU9C54MQBD7W0K H4TLSQJKL26B2 FDGQ1P0176Q1M3FAK M7WP2MGROLTWSHP8M3RRPBNPTLW9W48VN2 CC5YK06LU3 SQTO1XB9NJ1C9KNCYPBNMUPWSI6SGI0Q02GQTO0MP7FY0KPNBT3FMBKRIV1YLI64E5CP7H2PFJL', 'M 201RIU', '2011-9-25 8:55:10')
go


insert into "User"
    ("User ID", "User Name", "User Email", Address, Telphone, Description, Password, "Creating Time")
values
    (96, 'K8 CMT H', 'I2FUILLK2KER5SX28M17HG7 75JX3JFECEN5MUNJS1RY0PU9HX', '62WXRHPBC9APXLV 4B7AOKUHR N709NQA6GCX64B599KBN RJO', 30, 'JYL1OB 9ORVG0WG38640OAV5QJGVCK62K8HKMQBDUPC9LA QXBYUTDICTA9N0611CED0BB4YWBOSMT7USRHCU5 MQUQ BLEG1OOAXF O0MN9IU27UIJ8PCFG4YF7X9 W01OAEBQRQIB 52 AJK2GM1J5ENQSJGN0WS9G17SVQH5FDJXJQ8R7 3EDK13JEXQ6 ECCNI5NHGSC5E10IL57DGY4VSO8R2V5QOCD5UAWWPWAOGVAVK4C49PNP7DI357', 'RO7JQRAR', '1994-4-8 2:8:16')
go


insert into "User"
    ("User ID", "User Name", "User Email", Address, Telphone, Description, Password, "Creating Time")
values
    (50, 'ERIN6YOX', '6 XHSGAX9VLQP0XCLCA0A479TNX V8VTFR1BBHJ6HXGGHQ498S', 'VX5NYHMI150Y4T4HG7EEDOCCUIXI1U52GG XE4IN8DX8A3CQ75', 92, 'V9DU28 7X38YN0KDX7 KOTKRVP2LRROR4K9D5UWF 16433BJNU5XA31RJQ1VRIMH8CVWFGYYMY85EYHUXWIQKC4IQFWER4AO213 2QYIHIET0NV R8JQT8KJLFN551SQ58DB4NFHVBKVH8PP9HVYS06Q1PI5NCBDQI3 10P2MDWAKCKI3C8LFW2SJC44G8G4CAHBSXU85GPFTLTT6BI2RPJGTXF54N31WK91NDT 87LQIV3I299EU8REDGR4AJP', 'I4AX 4XJ', '2000-10-15 4:42:28')
go


insert into "User"
    ("User ID", "User Name", "User Email", Address, Telphone, Description, Password, "Creating Time")
values
    (8, 'OUQ0PWP9', 'UGKPXXU41D2C2K6T9BT0L2XL47I0ARJRL XONE5W9B33NCOJRJ', '9C2FFNRBF6KT0PUKXFH5RH5FH02D6K8J9966QRT545R3A7I8AX', 40, 'Q25PT5DFNBNNU3C1T7VO8WCS 08GSDHGN2K002OR6Q6XLQREP867WO41USPY2Q9U96XE4J768P 04VRPWL20SH9S91SNNFSMOES9LT3RJY7AWA5FBC0RFW7H31K SC3AN9N1GOK6WGGAOUCBB9TC FTSNDCMPYNTBC7C33AMGGSKSKGBO4I7IKC98 TNQVOHBCOUDMWRTC9GRP6AT1YAP3MT0KQFD8 JXOAQXVI91L1QWFOM0VWOIPNN176OKYR', 'JLVR2R09', '2021-6-18 13:39:6')
go


insert into "User"
    ("User ID", "User Name", "User Email", Address, Telphone, Description, Password, "Creating Time")
values
    (94, 'E3ILLVEQ', 'W93137ANCTTIPR92 MQ1TUXAMAIHSNH 6MF7E63K7 D2XUN 8Y', 'RYNUNH5W7YQS1QQYAYST5BS8XA G05BDQKS60F FKD  H8RJ1C', 75, '8BO JLQ8YPGLANDJK MHJGGMXMU3IJRQPOHU28Q0 IY9LV0O435VC0M1YQ8TWUPLQDSW4MGGHB CJBVMTA0SP0IXIF3V0R74 3T YMAQJL71JMALDYGLJOG5DSLH3W IPRHVPTRV5IYYCRFVGB8SY0A1E1R FV191V5V EMH3O79PN3ONUR6SHCR4B5PFOLLXACHI8KDPY8K1JUVKBV7  DY62Q0QGKJV3MPOFRU9UJYI7Y6W8SWOAF3WU1C7FA', ' SF7MCY6', '2027-4-8 16:36:5')
go


insert into "User"
    ("User ID", "User Name", "User Email", Address, Telphone, Description, Password, "Creating Time")
values
    (47, 'KACK74FQ', 'L DTM29RNE43DNKLI1RTJ268BSRY7QNPROH7781I4D0SUGIR52', 'FE5NRN2UDFLOU7PHM92MXPR248PI332NQPG67YN1R8DT Q3PE9', 45, 'P776OSN8133T4XTH64R 82RA5L8 KQQ86SBWD5Q3WPDXMQ6460WCABMBWCK453HGV8NI9VM6IO46XGGWUVGNBIDCXQF3 X6 OHHSC3A03J9YOO1U7GEE0P0U9Q3J2Y5Y2B36HBAL6UQA45NR0SYNQKKPJCM1JYR9WVHESYE8IOFMQ356EOEMP7FY26S4XG H1LXWB598S3T2V7CXM58WIBPF5S2T3WP IHDAYCHHCCIPKPWBNN6P5LNH9LXMNYW', '6KJXCLCL', '2038-4-29 20:34:44')
go


insert into "User"
    ("User ID", "User Name", "User Email", Address, Telphone, Description, Password, "Creating Time")
values
    (20, 'WA418UD5', 'YYR8F6L98YENGWBLS7TD67YETASN47S8T24PUG1A9N47XI8M3R', 'DA8 O2KGH4GVGF 51DN7NHXLV8VQ5GNLGRSWPEGVS3MMFSEHE8', 34, 'PJ QN0VNTR6KSP 1RNP36EUA18Y6KIU LKD9Q3O 16ERMPMCDAO4IH5DOAI0F5JBBF7W2VIT290ULOGR4GUYDFGMBEW4TNI KCF2W2BVGSL8KCPFOKAWR51EYYJR6OMBJIKABM501UF9 EYENY5O02D7Y6IJJCKJVAVNRYFNF80MSJWIP5H147SYEXNKGBH97T2N338I9TB HSR9K2TJSVF1BC0628HB39QQCU  28716EUNQRMNNY7WI60BAK9', 'BU35RWWB', '2005-4-13 6:17:8')
go


insert into "User"
    ("User ID", "User Name", "User Email", Address, Telphone, Description, Password, "Creating Time")
values
    (54, 'DKQU3XJK', 'L26TR4JYMCDW1OAI6FOMHBQKASBCAAEUPJ0R4WIF 23E4XJ2G0', 'DRRLJ0R9LNQ2PFU5PA7KGVMKT0D1NXX4M4WYGTDY YB4AM8DWK', 42, 'O9J5USF2USMH2AGNX1C9DOSBCRX592NVU6GY5MBKMBXC1OU2ECYYM53O6IVT8S H8IGK1WD7RCOCAEJXA6RTXBJ36QW1RAYN8SQXXDU9VMHGHM7HCSWPOJ95FWIEDFW62RP303TA8EJWCEXQJ1IJPYJHH1X6QNYP5CG92519B212MB1N54AAGF7CK9RHEVR9G3 O77HE2MWWPV0574S6CDCPI4DFGND THQY5822JJL5GV1VI10TPP85J1OAEFL', 'DWTCLPH0', '2001-6-26 4:53:47')
go


insert into "User"
    ("User ID", "User Name", "User Email", Address, Telphone, Description, Password, "Creating Time")
values
    (39, 'VPDWR5K1', '475S9CYIL7EIE99X4 EAJ72N1QGQNV8XIVTXKLFSA1397CJJIE', 'KG8HXFVCEUD37A8SIVK22NU8106UFGAQP81NOK9TMHM8MTDS89', 28, 'WR JQPT53SHI2XIQS9R2GEAPYBN5Q19404EO 2CP47VDYRFBMK6 2CM1XVPXYWWMX5R0FF3W53E493O5SF8MNTPQCQ686GFFIR41UVR N12PO4G27NNH XR02QR6HEIMUSDGDII7F7 SIJUUH7 40GMNYC9HAVRGRTKJVQHADS3VAX03PO4VBP5MQ6VWV7C AA31M44OBSIHQF2M24DY5K5 RY 8IITD0WHX V8EKF7X8HSXXWGQVL49QSC527K', 'U7C6GTYV', '2023-10-13 15:5:11')
go


insert into "User"
    ("User ID", "User Name", "User Email", Address, Telphone, Description, Password, "Creating Time")
values
    (95, 'PJ1RCPID', 'OFIDP232R087QEH4MONA IWHXGYAP7KKA4VK0UCX4U9FJEG9KW', 'V0T LLQNXG5V5K052CYRTYM71W7CN16D836NFNXJIJS38KK R3', 29, 'DUHIU89B4Q92 SOJ 99GX741A2ER4YRQ70D05PNDBU10LA LXPP12W1V5F9OEP1D8937YI2C27O6N6GQJEJERWAUNY2L840UB2HEO4A WMB4C2YXN2D2WUARVL6Y0E8REJ0YAR2UFW1GWFFM15XWWSFP5   TKSKR57DADA54GIYN POC9SR0H7 DK42MXXH8HBIX6PYHA4MNNLOPY LX79WAOOR0CJC6X CJ2R1G6R2CRLC5 I G4QHY3N2OU1', 'I2GMVYF4', '2000-5-2 4:23:4')
go


insert into "User"
    ("User ID", "User Name", "User Email", Address, Telphone, Description, Password, "Creating Time")
values
    (43, 'KCOILAUQ', 'D5HJNAPH59GX1U19GMO87BDW0L1B8U2YTQ32S XBDIKM6AYWR4', 'PYMJJL0S48XT5BKSDMNILJ9BW 3YC9D59IDUBO64WPXUUOV9CF', 44, 'WHCDX9MWPY71PILBHK8RFWVJETNDYUK4PPNBDQ7Y5MO27XQ9VHDG2VCT9M2B4CHOBTDD6BFWV3D681PWNVBXAHS19C1OVG37AYK7GJYHDS7HI242PPEQP5CWK4YGIXX3LFTS1KGOT5OPP7O0VLUFF889C48 GBAVM0QJIDIUJTT0O3FNFNQLP WICEP1QI1A76C89IVS K1KOW69M VY4AGIGGJXJ M606XV3HF OFW2I94116FB684MAH0P64X', 'IV10Q251', '2020-4-3 13:2:37')
go


insert into "User"
    ("User ID", "User Name", "User Email", Address, Telphone, Description, Password, "Creating Time")
values
    (67, 'O3 HAMSR', 'LWHJ384Q5O18BAH7121U1NKG4U8Q U9FTAL5T3FAJ6EXLKVJIV', 'FEX94UXPPK27EJXWBH9GP2AFK2K2G6SJX54SJMT53G1I7MRX08', 43, 'OXS CWDB65FFNB7HIYBUPIKYCWI1WQ5H7HM6EBKP194GFBEB0MWIJ6PTPQ F6B93GUM1I5OXGCY39AU5G47C89NN8U2N6KTDQG1MNWIMXF OCRGDLH5YQ9SWND1EUSU4DIO6U01DAMUM552FJC4EYTS8P5G TBAUCEGWJ5QWPV PHX IF52ILE3FLQQVWQEVQQUUHOH3YFPPWCQDFXHCS5JN609IN9JRKR91CS4 COOXV2K7GCJ6K7BOK81TMBG', '2REQ43F1', '2017-8-15 11:47:50')
go


insert into "User"
    ("User ID", "User Name", "User Email", Address, Telphone, Description, Password, "Creating Time")
values
    (74, '5U7V6MEA', 'QYJKL359NVKTC0HFYS6O3C7953CKEL1LIXV J1HLG1F2SJW O5', 'CVFJS5JLBKGE144PRJKO6C0CQE6T16J9GK6QYN7O SI0M2I8PA', 89, '57DSCFUOT Q3KK7V72W595E2AWSVMFJ597DBOQUUQL998E 2TFP38ROCJXBYKSVVQ31G610KDXM 1IMARP2YJNJN45QFFPJCEENB50W1ASRQOHTQJVOO0Y73OTTPD9PI94GHX8JCOLC N4RFJNTA18NK11S1HJQMJ GRUWEEP4K6D0LH7NF2OLVEVVMNDPVP8KTCD08MNQJHFLOKM8Y1WGUD0FU11XMUJTP92UGLX6IHFJUA5Y3GQFERU3G54FY', 'M6JJPWY3', '2037-11-13 20:24:2')
go


insert into "User"
    ("User ID", "User Name", "User Email", Address, Telphone, Description, Password, "Creating Time")
values
    (86, 'BKG0 XS0', 'UCE1KLISM44X6IE5JQAVWBLB8WQCU 26BX2QE7J9CQ4GJE0AR7', 'D7BILECTBGFMIDX6VVCO2RH02OTHJOJCOR86J3YLUOLE7OVX U', 57, '2F599Y90S9KRX5YJD8SFXX 20T9S72UOM3683YFTS77V16GPP8 R8TJXU9S5  8VQCK1CRGM4PIJ1GX6OJHTJ303TXM7D2SX683 SWFRIDKP E33A7BOD1PUJQ341CN3F410ABYJ9P5P555V6DU5LUFWTX3FYA0QW4U0JPR6 Y2TKYEOY4PJA3 WMU0WTKPVVM6SOCTELVHBDTUVAVFAJHEAK0MKROHJ 3YA522F 39CGA4TUOT7FE9OTIMUKIH', 'P81P5412', '2003-4-4 5:38:47')
go


insert into "User"
    ("User ID", "User Name", "User Email", Address, Telphone, Description, Password, "Creating Time")
values
    (24, 'RUFQFLTC', 'L8NWQS6V7RFHQ6WQI8EOVP5NQC6KOJUIR00Q41DTJC82ISYQ9E', '8KV4FT689DMTG8RS2WQLJA8AJGJ1L27AUWNOKIYJ4NEGNLH8VI', 13, '9JV0TLEKJSK4IFM2 VIJDW1JGDQS 7KN0QUE3QYCPKSFYRHKWDF7N5UNG529V9OWAPGRCCNX8RVSI2WGNLBXSEP4U 2ME3NOROM67A 7AUQ5MSC49 9ECCUR94BOJR927U LPC3O8UHO ERPOQHTFLY60DIILXQG38LNDC2EVBL4PJKAOX0Y6PKJM6LNG2U YCBK1A9AC6FEA5MUI1CURN5NGQ1AXMN68NR10YGS I8K7VIKWM5AI4B1RIIJAMS', ' WIV2LYS', '2044-9-22 23:28:13')
go


insert into "User"
    ("User ID", "User Name", "User Email", Address, Telphone, Description, Password, "Creating Time")
values
    (16, 'D54F2GIW', '24WMV0 EEO2WRMLJI2L66UUROINFEEXVAET8BTHOWU4R8RA70R', '6ELXW5BK914IRR9A0T52O1CUGPD427KXVDGISWEP8S9SAHM1JA', 0, '2YSB2S0JSOHKGRJCEOULK1W6QT1O2SS1FL07ILEPFH76SVNCLRCE09XYINWGP8TPM0N7 NOCW4RKMV4F6JH857QH4VI58C17 BF1F2UPOHJ2OIOVRHHQCMMAEXGWDRGI8MBOXVFFGSUCT2M655D9U 8K0SPC2R200K825OSQ 87HQUVIG5F3WSCAG7LQ281EDG A4LDQ55P64PM5UBI5RGGRLCWJGNVV2W872OF6FSH6JE5CCF4TF5TB0TX0W6A', '27AD1Y5O', '2006-3-21 6:48:13')
go


insert into "User"
    ("User ID", "User Name", "User Email", Address, Telphone, Description, Password, "Creating Time")
values
    (88, '6DEXUM8U', 'J58 N2S8WYEINX487934IFCBOPFTGIOT0WR16JX6M7PKMIPDPM', 'G E50313AV4RDO2I7F 215VBET6PP58OEPP13Y3WAAS0F73NX4', 69, 'WA89KXOYIN5M9VNT0TX8LYDFJGCFW9C3QNAGYV491TS8PJE9H78QAMTBSPLNY7DQUD7Y IA7UEE0TNI1JEM8XMNHXOPGBM9RTKPAPCQFHNOO 2AGOQHUMGAKXUV F B6FOGP9SDWV5JE36UAVTXAAUUVQ46HOIXPKQQNQQ4NULY0I34530I7CX WBVHU9VH8FHQDJ2FC95XYY9955S4D1Y08899TYU72IRIB25FD4WEIJ0R1O9QD29GT7QPBNQY', 'BATAR9T9', '1997-5-15 3:11:1')
go


insert into "User"
    ("User ID", "User Name", "User Email", Address, Telphone, Description, Password, "Creating Time")
values
    (7, 'UUU6L1 W', 'TAMI7JH1N5A7Q  EAPO64SKOI2HIMU65KDWUSPAXUTH3CHXF58', 'DNF501TD3LTAYDAY2AT96 BKPQDSGFMJOA 5UOTVIWUP0FUGHK', 85, 'I0 SAQ1SEPDENOBMV411265XT1Q0UOA6NMGSEVURPX6BDV838UQ1X9J0V23CRH SANWCJFT5YQ5NVJQJAK1KYL5LOSTL47NUYBLWDG2V18SN5L00FRUX1PFHTJLWAPD4TRX20SDVINQDH0 ETAO7T9977QI61W67DBU9VE4EQQBR8FR490QANQKARRQSVRY6IBCXH6HYGCA1GTVT2XL84J8U43RSU0JXK Q9V8XOUT TIKTRW4KQHCH177H7WBU', 'DGBOWRQD', '2008-12-15 7:54:5')
go


insert into "User"
    ("User ID", "User Name", "User Email", Address, Telphone, Description, Password, "Creating Time")
values
    (38, 'X88PPK5K', 'XAE7JN H0TWW3P8H2HBS40YIYBAB9H8CLJYDDL3NVFMFFCSO02', 'DNJV52E5 5O8AVC1A2BLTCJO5BPGMDO6S3TYJPOL957 T2WGKF', 49, 'UVD TW8OT4VF7B1MEA8JU3GPILMNN625KOWM1I5GC7B0LMNKTTJ56H3CXYG8U6BF 2 OTYIUP3D0DR7PBFXT3MN011TQHRV7L678Y C47KVCCBEOD34DJ7IMYXLVW98MQP54J5YV795BHQNVNC67QMJC8IUI766JPJ1P8VQXB1I6QJ2QJOK9DEG3 D91L8V5L4QN2FPCBXEU8IQ3228USO9WW6 O4YR7IOE879LET6IC9517M2RI9TKXKQUGV85', 'JFQYDNSN', '2002-8-25 5:29:13')
go


insert into "User"
    ("User ID", "User Name", "User Email", Address, Telphone, Description, Password, "Creating Time")
values
    (51, '6ICJ7HO4', 'OIEEFS6AOHGLN4XJKAI5 H99409OOJU044YYEGHO5U11GUOUJS', 'GE0CT2SBK7EOOUVWSYYFVXHJOGPDIS TUP9VSKJ7RL GIUVJJ8', 35, '94SDXV80FCQ3SWWDB10FIS5DJ3OB2QLC5O22G5J 01Q1Y6B5O93PQKUF9UMWIXSNHCA8LQXK 4EYD32S6XBXY2BWGUI5SRYVSYDX 8D G1QDSMN2FJ1SED0VHC97O6QTCTY84A6Q KN8NYR3PDPQ2CII0YDMMM F56YYAH4D8SPKSRDGKL7MXJ1LUTRM6Y DBF5A6JVBIUTALUGKE6VSN74MUBY60YV6SYK5KT72X1 0W4S17CLSPVQW2VKOH63', '7WWN2FO0', '2019-9-27 12:51:3')
go


insert into "User"
    ("User ID", "User Name", "User Email", Address, Telphone, Description, Password, "Creating Time")
values
    (68, 'W85CE7GU', 'LR033M9XWGAKDKIR2242Y0H6546RS54SEBDV8VVJHESI81 WRL', 'X6URIEGIQMKREER8GTALRSHNH2MDVD2RDCPWN46WI92JJV9I7T', 23, 'P3W3QUKYK96UBB80C9UKN1JSI7S277F695QJBM4L49DB8A9JQDP71V9FNN31X8P9D0HE2BH86LUGL1YHF4H0OGBIOVVVITKEX4N667HP2U0FQDFJ9L29Q8AP1Q3Y1RXUPJTEYBYLX05Y5NEPQE7PJFEJ8QMCCB5 4JF172W2X8PNQKLB0NIUCEQC9PDOYHD70PNJJ8KXKUN2ATPM98TNQGVFH5508 7KT8JHA57I53RIPBJV35TUJ00D6C3KQ8S', 'AE89MOQ0', '2041-11-9 21:49:1')
go


insert into "User"
    ("User ID", "User Name", "User Email", Address, Telphone, Description, Password, "Creating Time")
values
    (87, 'F7GMW3OR', 'FFGH3FPLP2I1L3MGXDKGQE53J0W3PKAXBBKP5HEFLTEB117T2T', 'SDUCMJE03S5KMRCWKWBOTGJ8XT0TTJB6U39OJW98OLRJHCD60D', 91, 'B0O6JBPJU0F6KE8IA3B 5XDJSH8N6PUCJ6HFVYSH0RWW13DY71LXSL KTTAB8GQV7JSDP1X45B5QWJC5QVVPBT A3HO53WQ0F2K38E8K8T 28G6JCL2 CKRVT 51QE P6R4CSJCVI94FPMFQ NIVVB3WH6 WVOJ7618OIPF GS1W5PWGQO61JE I64L2EQSWW15G B4YF9NGL IFGENLKPQ4NO97PVJ17YFB65WD8BRQPM26IK3NWS73RMIUXTX', 'JJL833BA', '2036-4-10 19:39:33')
go


insert into "User"
    ("User ID", "User Name", "User Email", Address, Telphone, Description, Password, "Creating Time")
values
    (1, 'NQ4PR643', '78KHARYDJ6FWXWNQAVHTE6N77EQSRPPLKSBI454ICW3UU5OXT4', 'CKB2FM2BLAAJ17L3BTLXS2OXLGPJQPPASH4 8E6QRMBP96WVFN', 58, '7PL00NU568NEKMKVA614MBUHUXOJYFA7V8KSBEUFHIK07WDTR7 KRGP5GQW94G8AI8UG  B81IYOVK0SFDFFJ5H4RPEO57W99Q72WG9EB HURC188QM3FWVIWG5OUWLVAV9NOYQGVR2DI8QFY6770R0Q2Q52MY6BTI3LBE0M G7IP276WWK9EADWHVNXXBC1PEHM9N95YIRT09RCRGC6A1KJ2OA6DJB0KS3UI39FS937X8FT8LROCEEWQVY062Q', 'JEBKIM7A', '2010-12-27 8:35:47')
go


insert into "User"
    ("User ID", "User Name", "User Email", Address, Telphone, Description, Password, "Creating Time")
values
    (56, 'D9OS9VA ', '4O4HOO456C0DG49NYTQS7TXVXSGVPLJ BLJ1 DVCKW99NXOMKI', ' FE23IPDOVA8MP5RNPD5R601CLBEN45VB696XPP56TCUKSRYTI', 6, 'CDS6JI0NIXPROKFJ93R843Y3QR52Q5T57XE2XB4FVL73 2TRO4QXHVPVM DGAI4W6JO4GNWQQ7LISUUV0AHH3U3QMS0C4W HY9I9ICOEIC45FR8LBMP5 LN5LWP1VYV LIA7R HBI2HPB 6TDY3 AVFP7PO6S10C76GMARWUPD9W6XDVSHUG G83PW3W7UABFJRTMC50DTXI9T UY0E6JIC1VS 724422O3BNY9 MDY7 NE4H  09HSGUOJONTV', 'P3C6WMI9', '2022-12-10 14:26:28')
go


insert into "User"
    ("User ID", "User Name", "User Email", Address, Telphone, Description, Password, "Creating Time")
values
    (2, 'EGSNM6GR', 'B7WG8P347IX615P3THM7L7192Y86I42HRNCA8 EXB9JDL16Y7E', 'QB9T5EUMY16NANR6H0ROQ QICV0SL8M 8WFK219D68IXEMRO48', 48, 'GJICF6Q55GVCU1QLPAHFV97FRIIYJ72CB0 PRBE8 B656YYR40IANGMY85NWLD4VG5IHTCRVDGPE9DBTNBAOU7RTMHM9WX8PGEDAC31V00I1GF3SPT6JU49T11BY9AHL6E82OA8R5YT4LP3N95CR 1IKSXSF03HF5WMPH CFCESON6Q9VJ9OGYC UXXKQOMKE70W11AFY5C9N1LEYO5W1YV9N13H8JEQ9U86O X0OPKLUEIM C9DRDULUGOE3CE', 'T5F6TAF3', '1998-8-5 3:35:18')
go


insert into "User"
    ("User ID", "User Name", "User Email", Address, Telphone, Description, Password, "Creating Time")
values
    (78, '329B1AW2', 'UJ4Q6SHF8EVFRPDF0N3PGXEQ420SXVM74RN6L49VE27CJDF0NX', 'I35SX9PBA3QL65T493FEYADSC80CJKHPAV65TI27DHT0HCSBA9', 70, 'KHVU5LG5JQFAICPW4YWGL2I5OAE4SJ3Q2267VNEXI6RGI7SDCBEPYXXKTD1KP WYQVMVRNGCAF8C3U9O70S0BU1 6KQXMFDJ39CE VHT5XXWLJW1FT1P7SQB2MN5JSCF72O3UGO76OP0Y3QT383R4JO7K4YB PK4MYGHGRNUDMVUIKMDD0Y9A2PNGQTKO1WKSXPFR07MJYKGAW7XTQDNY1F1HMQ2F1FT49FL0DA2OL0FDX32T1TBN6HSUJWC07S', '89JYELAQ', '2032-5-23 18:24:16')
go


insert into "User"
    ("User ID", "User Name", "User Email", Address, Telphone, Description, Password, "Creating Time")
values
    (59, 'VVNNGD3W', 'ONPR31 EXCO6HFM73GHXTCNG HX8HJJO8BHCY2XF80VNSRE93O', 'J TF7700QSJQ8K0S1LR VBWU2I1JC80KHKRUCBW7UE6V1K6EKA', 12, 'SR1QH7FE0J2R025EPC0PQ0HDL6T3GAXB6I7PO54W7VA7PROQN215GKY8P2UQOHSK 32NM55K9NAN91PLGU5KGLDLTN17QHP5FOQHAMF2MJSPEYU9C5L0820 DXK6ABHHG2PSFACSRO027RSJP8QPJ07TP9RYOBJVT6GSVKG1PH2O4C2TDX76MNUC9RNWLGW99YI5MECRFROKMPRR9Q870XFJ20WR8IM8RR7XUQ74C7YMYN1BN B 6A7LUEFYR3G', '3KX7MG54', '2042-3-17 22:7:4')
go


insert into "User"
    ("User ID", "User Name", "User Email", Address, Telphone, Description, Password, "Creating Time")
values
    (40, 'CNA95A54', 'VPGDQUVK EDRXE5FO8I8XHDENL0T6PTNGFME5V2S6ITAK1II3 ', '0AOC342NIEO U8HEY0L53TVCUQ6ECCWIJ3PU8ICJRVV9F2YPXE', 33, 'DNYRF19Y 7WCQWE15B0AP78V179RATSM Q CVNDDO1LF6K172OTUOBDEGL09P6K58QWDG319NN8W6PM9MQ95JRXI3X5D8588LELGCJ0X4TGA1KUJU4DTSQX85N8UNADNY3RWTBA PUBBD5UXVV8DSGJD5SLFAPDH6YGQ2KTETKRADI45RSVJRLMJEORTN5KQ7NMMIUD81YPMKWAG3LCJQS8UN9O0QV4WUK0HW MC2IYD3HMFTV97GJS MDTHL1L', 'OV0COCRY', '1995-7-10 2:31:7')
go


insert into "User"
    ("User ID", "User Name", "User Email", Address, Telphone, Description, Password, "Creating Time")
values
    (3, 'PF2M5I86', 'Q3J0TCSU7CP609CTKHFEBW0VEOMGVI2LE3RM9X8M7SYMJJJLM5', 'H Q4B9P9CDLDYDHNQDKHPOHPJC299L5XVO4IBHYFLP2TBUTDO9', 36, 'DH671IQCK53PLNC4TVD4RLKX2W929NMJRC 690M5V 8N91A80NVR MUDMKPS JEG0NFKHUYIKAX42GSXHXDG 1MCMWKA16D4YRI9LD1E0OQU8BHTF7H40T6OAR04RCJKV918E3AKYCAA7FH9PJQHVI5RWFAS5W0DL9NIGOWRLK76H0TR8HX7DWQIR8BHOSRM8B1508C65DC79NCCHPOXT LW6D4H07000BIDD JIOEM1L S5V8NWLECY69QTJQH', 'U82S4FHC', '2012-7-9 9:7:11')
go


insert into "User"
    ("User ID", "User Name", "User Email", Address, Telphone, Description, Password, "Creating Time")
values
    (52, 'BICT3 6S', 'WXF5FRFI3OYW0LHIB8QS9DFA 88 UKORKH288UCFWYDXE8TCPC', 'S0UKSHUOD 6T9MT861FKYWOJCYECTAJGI5SLQPY6XHCBGOT4I4', 38, 'PKVC4DFH1TOBQYR5 Q JXP6Y524LRLCEAQ3MAOWQI9BMQT2FP7N29GCTHDPRK2HWYVT9D72W0R5XYHI1S7PN14I9VKC2WK32WPAHDY24BT0Y2CO0RL2YSBG9I0L3MY2CR10IVC3FWXDCYXSC RPUDBHN6B0ELC0YEBH43 052NVF0N51OLJ209V5B9HLF75HGG6 NXSD7VCQ95L4K6Y198Q45D098D83QN9IT4Y6NV9AE7GH2W46EF2I9GBG6B9', 'IIT9A3HS', '2040-8-27 21:23:16')
go


insert into "User"
    ("User ID", "User Name", "User Email", Address, Telphone, Description, Password, "Creating Time")
values
    (31, 'RH YQG74', 'VDBCJQBRY7W3XYDKOFKMJ6R8IX5R2L HTOWR2V44GM4IDI1D12', '7G8601UPEXPCC7DGWKAUTH1AV6MA8DD7F 70YOGKTNO KB7HKR', 66, 'JG2G56HQIYUL02MQ6 GBGWV8WIFBN47RXGG9XS6HWBD0NIJQ6GYVOND02PYAUBV6WJUH1OWIXYKNDX15PW9JWJMP5X3CGKLCMBMA3PH8S47MTLB31QV196RA3KYQ2CPJYG8CHSQ2GECNCK94OWE3QESAYIFVAARFHL3VGR6J25WRRXQAIC75DCXLVG  RUXIFU 1JF2Y27XI9V2ELHM G1X00HFGP7T4NWELNYU1AMJUYGVIHNE7PPLC3KEPLBH', 'SHQD26HQ', '2004-10-9 6:6:57')
go


insert into "User"
    ("User ID", "User Name", "User Email", Address, Telphone, Description, Password, "Creating Time")
values
    (60, 'CCU60J78', '20  XV5XO1D1RAP7865ORW1KJK2SM5SVAOCL5VMFP1L1KOM R3', '2TCCUEA84RGSQTITTHXJ80A3QEJVBYJTI218IU8FIKJSOQ9YW0', 79, 'EV2JNO930Y5YM5UUBSA09B3MG0D7DQ8CJOI8EQMV EW3PO2DOLA4LKCUJ9EK 8D15N08TH5IO55YO7UNKWIJ0763A7FRV4K1MYOUJ0HOGQ3ER06NJUDEKFFRKX6OGQIAS9BFE31KDH 1UMIXN2KRGJOTHYCBVICFT655INTKUCQ7HPV9YKVI9RT7DDPW2M6RW9E8SJGVJJQ5 8J7RP1 5V40RSACMRXG88KF15MJ4EA0QUETT4MFO0M2CRUHOJ0', '1Y1UEO1L', '2041-2-28 21:32:20')
go


insert into "User"
    ("User ID", "User Name", "User Email", Address, Telphone, Description, Password, "Creating Time")
values
    (79, 'BJ8NGGJ7', 'UNXOEP3RAPUCBGY4EW467BD1TTM8N5J2EY2G63D0BW2MOAMTY6', 'LEENW92FL0K8XAVH2LONBVHMBPLDDJ8WXU7QMY1B61GD9OIFF ', 99, 'R1AVOEBCBK1D25A KK6GB 7VB3MKPTX07 Q72C5XX3QC7GXU2ASKEJAUDRQ14EXYMQ1SDXUU72L3UKYTR7FGVCD3U3DKS0YUACCU 4IXSS9XBJNIQW3PI9RME1BKHI7XD6C9OG M5ORY4SPRYCLIQY565OQGF5R3EBON1KQ0SB5GKUWJ7CVVNE1H9LS97BB8L4DR13PA98GG5WIKF2N4V2BEVQPH4QW9THR HDA1NX97KV0BN7PA9YYV1KO4YWQ', '64TV2ERN', '2016-10-18 11:10:8')
go


insert into "User"
    ("User ID", "User Name", "User Email", Address, Telphone, Description, Password, "Creating Time")
values
    (93, 'R0F6Q8BB', 'HUXPBB1XRJE3RLNBR0PRQJDJ3H0T1HQBNHU5CL7XY5WGCAM W7', 'BQBE7HRB7KSWQS46T0LKKLK3JUDU5NMO57N51DSLFMXI6QGXKG', 84, 'V70LHFCFB85PXDBS9 FJBP70WMM 3ORGJPKGDOBHY7FBFNU7GYMIS2R5FT36839XDY6X0E9A4LIMTXVAK5VM2G 965HOX6UYD92VHJYFR3KIT4RHY2P5NSKRPIQL0I3JEIF6NFO38C4KFTDFES 3L6QGEHUI9QLRW4FKOIOS1HKFYGXPNRRFCIR1SFATFJMINWV9P0P OL4KRBHN 724A78D4K310UKHT O5VU0FQJVER8DBPI8OE3N21CEADLX', 'XF43FP58', '2028-2-23 16:55:42')
go


insert into "User"
    ("User ID", "User Name", "User Email", Address, Telphone, Description, Password, "Creating Time")
values
    (80, 'XIOQ45AY', 'N2W2S684GP7QG3KUOL9NBGTY1ABQ1N2HHBTNKUVGDBT9RKT6 K', 'Q4TE7TWIVIBC5R BVQNSLS4QVDYXDCDAP51MKEFRD35SWT1182', 1, '7S F43HTAXX9U GQSKRSBUTX7YI4SH2Q2078PV5WKWFUUH5MHYI73SNHY GV1TRTGDXJSERCDBO3CFJABRXTY8DBH0IP29AN2WHL3P42VK8UHPUOC6 IGO6KEAQA942E886BHCPJHEBM4QJ96HHAA5C41X4FLMUTBBJM8FIV913MDBQK9D2L435FLVWA7NGRKUWP2KM9PLL67S6J71Y5YBAXH7WJ8T9YICB3J3CF 0XO58DXSCV503PU2YNF7KM', 'MSBURB6P', '2005-9-11 6:33:54')
go


insert into "User"
    ("User ID", "User Name", "User Email", Address, Telphone, Description, Password, "Creating Time")
values
    (66, '6L5V1RG8', '2JSNWOSJUI22TINP6NQB6QITLWIBDPKN89 H93B3V9Q5TKUYI4', 'R6FPVESRVQ PW8LMW285Q1FFWJKV2B4VKS0TJKDOD9O47F5ROF', 10, '29 YYP1GIN4TBMMJ4POVVDS9A4QMH05COBI IOX2TRN71 L01C31CUH56GKIL5 00MSR6E57MJN707AHW0NJ7IUARYRCUG09BIOJTMCA11 7V34N0BB7W1QDMPKNEX831XB5PA2G5CPHWWRMF4X4S554C 02B7HLA0PUU4GO4 D85I6I6AQKTXM540E2FJAJE90U46M7 4YT1WX8 RIIBA9YHHWFDR9OFGO G8IOVVMTOUIV328JXE72R21PQJH', '22 B8LCT', '1994-11-29 2:21:47')
go


insert into "User"
    ("User ID", "User Name", "User Email", Address, Telphone, Description, Password, "Creating Time")
values
    (5, 'URUCNQMC', 'T52YC59288KT8S 2QDG3W M2NSEPSUO 8YAJKUY0GVCRRINNKD', 'POPOERMBW78DU9W1CKHM23 O1E6M5OJ8XSPDWYDHQ6F0ND N8Y', 54, 'PH1Y5M6XPAV1 0SI1X29O A2AICP1TREPDUG6SIXK7YGE9HK5BFO8M8SOS4OS7KYRK7PM5QSQC4VJON72XY6A9I224NYB0TFCL9YOTR4RP8QYLUBQHFMOBX0H5A01RF1329KMVF 9EKT7UFIT6BH223HASJT59JKXV76NNC2K9DKIIDMP0HW7QQLD8UEXYOQ6L1JTXBVQ8610 L88CTV9C6N01BG8EJEN4GJITQNR36RS2VWNF8YMDD8ETAXCPK', 'LOYJAEXC', '2028-11-24 17:23:28')
go


insert into "User"
    ("User ID", "User Name", "User Email", Address, Telphone, Description, Password, "Creating Time")
values
    (82, '096YAC6N', 'VH0P9A9PD7R5B63RRKMNJTYP4IQUO1L5K2YTNG93FWFPOLNUB1', 'EDCBQ7YQY91QO8SJWF2M4UCBIPXO848CM4N5HR3737GXXBAVF4', 11, 'FBO0KJGC2LPKF34S11D6PONDB0GXITU ES4E UITMCC75R9I6SAG73JU 8ER5971WAD8C4VUQ29YDUBF839X5X722VH9OROUIU8X1R3C5KS208DU5E8P3ALBFIA5WRJTJ1UJEK29Q4Y62DMH7O50WS12NHLC55RHYPK96ARFRPSE2HCP5URR8LKYIL9UTQKFNPBSAH0LO0A5M906IP OECX4MP4IV3TLF1PMKX2M2WL0DTE0FEBFEU009EGTI1P', 'DVKEK6MN', '1992-7-17 1:7:15')
go


insert into "User"
    ("User ID", "User Name", "User Email", Address, Telphone, Description, Password, "Creating Time")
values
    (26, 'ETRVEVXN', 'MJUQH DB14SY4CDTL9DY2PWLCW9C6743LV9921BHMVTS3UM05L', 'EJLEF0ITQD1FM2V3YAOLJARJADL45PJXLPQ1VXXMHQNCQ XLU6', 18, 'Q XRAVASX7BL31M7CH4JQO81SA64Q 68XQRBXECUO1DR22SRW5NBBUYTMLCSCJ2 IYD4IT54HYG VTBT87K0G1A5QIBIL9VO28NV D8VFEMC2G GWEC8BPU6PN9JT0QTW2IO98BQ2OCBINQPE0LD KJJ 10NCLQWTHF3MXO12A8EQIRORW24VGER49B3K0EMHEQ147O2IMF 654UXO8 SD0UA2171AH49B3KBOP4B2YEI4VOD6056OMUFB9VYFA', 'RLUMM4FI', '2018-11-9 12:24:30')
go


insert into "User"
    ("User ID", "User Name", "User Email", Address, Telphone, Description, Password, "Creating Time")
values
    (71, '99S3LPO7', 'TOBVG9W58Q1BBP1K08WU7IPGJQJF705RAF82DRSDK3I0YO2OK3', 'N95NLGDAT142XJVMYMMEQP2B0PA4J8FURG0BH5XG8CNKH2RLA0', 20, 'RCYK9NGFJN16EEAC2OI1WTS70Y GBCNOHFFCDSDT4X35Y9TK11S4JK4CD7H 03MM8HWW68VFCFBN44LC9M98AMIS14GQ0MT9OLCXW1WQXW9WG6PQL3DBQ9RB90HCHJ 7WPNBQ7886C98Q4BF1MK1S0V8G4HBP9W53 44YS3VLN30H2CAO02LWM1UY1D6WAXW2GULUI5QDB9YPE0LISVRS9XQ39UR9A5MVEC106DWD7J7R2ANMRFTRID1NG9 B6M', 'RBIQHUVD', '1996-3-13 2:47:37')
go


insert into "User"
    ("User ID", "User Name", "User Email", Address, Telphone, Description, Password, "Creating Time")
values
    (12, 'EH77S0LA', 'Q3F6FSHGQ6RVX0LUVKOIJMPQ UR7E2685GR35EMV38G47S8B07', '4TOUOFLCM  3 4HRYLSTCJCD78L0 C4WYPFHQIPFXDD0B9L8SV', 24, 'X7VXXVXDYJY7O6N9QT2M319 7E284DGP4R0BFXY8JRFUIW9GF5OWAT9RSRCYL0AYJ6V89A2GBSBGPVAJYX2IRD0U9W9S LG8A71QLQC3L7IUPI99Q88BVLU175HQ9I9 PXD7L1I8FXBFTRK55SUXTTLNLC04GR2ASKYR 45OSJEJO6GWF5IFOR7I6UIK2QTJ8QCX51T9I26E2EJRM9SA65L38RK4HQURYN32MWFT6E EKB2QG4WOK5UU3APU83 ', 'NU6238CO', '2003-12-2 5:50:30')
go


insert into "User"
    ("User ID", "User Name", "User Email", Address, Telphone, Description, Password, "Creating Time")
values
    (17, 'UIVNN XO', 'MB7OW5N1P81YR22M5Y3POS4QLH8VAWKXHLIO3LCJWPE  WLVNX', '8QUCUP02H3UJSJFANJFSBJK6Y3 C1D5S6IMYMCODISKGRAN6IC', 97, '420D 7H1TN HX6EO8 VFOS RLJ5N5YKYGP1J9BYFEOF CG9HW017KFWBYDQ65C7JDNWPIWVF4PH0 3UBOXOAE E96D39V3B43KR8KGA79YCHVW31XCDINOU5QIMF61405EIL9JU8A13O0VAJTE23U5WU5503EUAOKSEQ16T2HAMHC LF6 W B9AKJ4FMVF5CW4JQ6RRM950 BH3H5E4F5O85AU5PMKRURRL8N8GRCCRNEN8PDFH6RYQ6DHW2KVK', 'M6JY4UH7', '2021-10-15 14:0:17')
go


insert into "User"
    ("User ID", "User Name", "User Email", Address, Telphone, Description, Password, "Creating Time")
values
    (81, 'U5 WNF8N', 'SV4S5R9UYJV0W57O19M OGRMISJLGTD9THJ2CD0EVLM4I8X JE', 'RU2K405QF47136PCLXVXUPN5 TQSR QL3S9VM37R1HV2EOF6US', 96, 'P3RQV0TX55X1ETAEIQ9N2XAELRIAV9TB3POU6RX84CH6696D3IS5IHKJA4V4JD1G9EXPMG2DSM4LNN202F3I60WVDVMB4OC4675GQ0W1YQL9YAYSVFARFDIXM1DPQMPE88CIQ0SN W1QOWQ6 JSGU8FUES KABK94V0WQNYN WPA8HPPGH7BLMJCPMKOLCTYM9SHP3L0H3HLY4S42M3 OH0355N30JWO8A5L0U7SBVRT1MKBDT0WI767 UW09YM', 'Q2YL37LY', '1992-11-16 1:15:6')
go


insert into "User"
    ("User ID", "User Name", "User Email", Address, Telphone, Description, Password, "Creating Time")
values
    (46, '6OVF16S5', 'QMDOI0EPWJRKU6HKSS2YW DIY9FMYTV28VDPBWW0TQS3D2TIUJ', 'UHCQG90RMN XL7JODMWXKGQ M6XPNGU56B6NCU4OYB19KPA296', 21, '7Q1DEKWJUVW9W6SP7J588QCRABYP1EWLXGLOH9QX7YT9G9ID949VCMDAOL7NRF824SP0TSQ8LRBD1BBPDS1XDD4UAY7 5AHRNBKEKR FWXVAQ4XA20LCKP9X3RACAOS58GEC4BDAM5E87KBBQYKDWEB30S6IS3UMNT 6P YX C 6QCIH3A7SD96JHACRRSHY87MJG8I38L0XAM5V 4C 20H7WM1E71UQR310PUQLD G10Y1Y6A3PRI3WVIBE GQ', '2HWC6TRR', '2044-2-19 23:20:31')
go


insert into "User"
    ("User ID", "User Name", "User Email", Address, Telphone, Description, Password, "Creating Time")
values
    (92, 'EP8AY5T6', 'ESFC0SV6QXDXPSMS91Q33MMP J32IROY09HAJTXGXVUDLG972E', 'SU6SHVUP20RMTDGF MR1L0RKL2T WS2046OHI7M27P0XL41CIY', 98, 'XV614XYRKGUVKMT71 0LYVL928OX0WB 142HJ0DVD4 MDTI98BG8DF8E02HC4FB  JJ7YV030W0KTA6IW10SJSQ5XC3HT1II8YCULVLWVGVUN351RYJC9SAEJDIJ04VDWMQDP1HPAIECCAFRWN 3X Y2DAPFKNMEW7U7LFUBMLM51S D12VJAJLKE4UPK47DL5WDC38QM3V1L04QGEDLS1T 4E1METYBYYKQUPOP6CMQYHKG D16P45J4BNMPEH', 'XCT Y3HX', '1991-6-17 0:43:58')
go


insert into "User"
    ("User ID", "User Name", "User Email", Address, Telphone, Description, Password, "Creating Time")
values
    (13, 'QAXT VS4', 'D1B6F8Y89A WUBGGGCXRWHT92JAGL3S8G975BWW4DARQVPM4K5', 'VG91NOY76K0BBRG1QYT2LQ2WGG0J9I7RQRS3UVK59YW2TAGTOE', 67, 'UYOJS9WKHHVTP6O6BNRKOYTLF0Y3EFFGJAXU6XYKEBVYUFCC3042WS4254 UU4HWBLUI1K2NF8OJOL4 6YB2WEQA1QSC2N4  KS25MMPKW33TTCKN9I39531ALYK2DT8XV1NK25EKROFJYW A9EMJKBHIW 1F607U 7QDYX89WLEER2NGJPKLNVINCDO08QBFSHABYSF9GSS3VWH96GKIKCB1WT7NGFU0DBKE43A WCJ04DVDWN 8TF9PLDP7WD', 'JW77GKEF', '2014-12-10 10:10:15')
go


insert into "User"
    ("User ID", "User Name", "User Email", Address, Telphone, Description, Password, "Creating Time")
values
    (41, 'AYMGY9GC', 'NBB9YW2MRPMEDIF5 NMWR7V5R SRK7T9T501PA69LHX43H18MU', 'EP BABKPT00G9Q78P7KBD8 0N4R5ODBPYIYCHBG3OXMM0R65DG', 62, '427YACQRFPLI3KN8RTLR8W62CGVBY69OO6I87MMF1PP58W53UNU7GSOLQ  FHH5W WKT052PO3UY214K J53W5SPI 17YGA7AMRL39MQ2CVVVBRI7DMC PY4SW6NRUS299OTXEIVMXY1UIAJU89GAWRTBL772P853Y 7YLU6 OXMN9NAC2C1YJX7H2 IAPRQG03BC6N1 PQR3EGNQUSUAXWS4A4CVVV3I14MDFWCG9K8Y55V8HLCOM1OWE7VF2 ', 'Q1D3I44S', '1997-9-26 3:20:43')
go


insert into "User"
    ("User ID", "User Name", "User Email", Address, Telphone, Description, Password, "Creating Time")
values
    (19, 'H2X0Y1A8', 'UMSBLPD0OK19HTJMCMUJ5QJB34VXE75JOBLTP9DTVU6X1CJ5 M', 'AQNX27RN945IGS6XAV2OVCX1F3Q2R1WYEQV427V0IPTUEAXJTG', 4, 'BWRGS9JFH4AKHI8D9BHA7VJMNLYFGT65SM69Q 4M20260QK1 17DSHOHWO8NJOYG4J7GRF53JDBXB43OQ5WC9LOIJYC35HA P4QQ504L13 YJ33BRLYBNOBNPB91Y6M9SBLFCE07MIA6TK4YVJ7XL6OSHADIJ2PXAGX UFQ3Y6CY3NVNR2M21HI55I0PRV939SC52PMQTC3UR5H7RPGBP59TS5P3Q15 Y7XOMA9RVHRL6GMVCPXWI6K4DP0MVEY', 'PK13GXS ', '2019-5-26 12:40:37')
go


insert into "User"
    ("User ID", "User Name", "User Email", Address, Telphone, Description, Password, "Creating Time")
values
    (32, 'R7T3RQUM', 'GYE 586DQXIHOOO9023RRRBVEO2WIPCACN77APBA41WU 61LCP', 'DXXX8VAKF76VQFITJQADF2W Q45QFJOBLI24PR5GQEJ605CC57', 72, 'HR01K85 41UMIND3W3EOV8PUXHGE4   P9DT28VLXMHROHPS5LOF4G87N70DN51VMFNALPMVWM 053SENA9HARWL0WR67IBI724MJ10CO28LHS5IPACX70AVH 8IR6HCL7DSKOHF1NAVR8Y2J78HL7G383 1VG8C K07YWBRAHI1D33O89597VQSLQ4DQC61P9HP5874NYSYD7T9 8WGTG15WS9EFVR6PJOVBA5SOG3 JGKTDPB6FWFTQ 0DV3C', 'S 1QLAPG', '2043-2-18 22:40:18')
go


insert into "User"
    ("User ID", "User Name", "User Email", Address, Telphone, Description, Password, "Creating Time")
values
    (90, '1P4U24V3', 'UIU X0RNSKP1IN76EO0WK6YIRMCAONFAT78EY645FBPDMC5FMV', 'BJHJ XCHVGT4BIQJLUMWSDE8C7BRPJGLBL572 UC26 8B2E0O4', 86, 'TYTLD553VEAMMWE2N3DPHTGYPJQY6POSIX71DLQIN58223RLMINETAQQF44JYCYD5TC7XSR2SJ8FRQ0K5G5RTNLGOAX10J9WR80PCGPHUBX6YALYNF69OII1DIMB5 DTUBQ7GD1FR QPJ6120H YTSSD882OWMS5OJJNY8D7V3DYFCJ9TCDHAD6 HSJ BBSBP5MPMM09T6Q1VNMJI 2PE4OCQIDMF205GJTE9OSDYXSBK0S4CHGV1N3W ANHMTB', 'C1IR1E7K', '2042-8-22 22:23:41')
go


insert into "User"
    ("User ID", "User Name", "User Email", Address, Telphone, Description, Password, "Creating Time")
values
    (29, 'GE0D QA6', '1QGSVNV8FVTY U97VDJ56AJG85DJ350PH45PSDJ15H5535C1D0', 'FJBKB7GL0RDYWJ15APMB3MWN5LNAFC56JVNJCNDDKYOUVTPJ4F', 3, '1ULTTFG3E4U8UMLETKS44E3 QLEDCB4M9BYDTKYV8RT71970IHYNB9Q3L20441EVH7SPPPCCI7OCV9FROH77S6PFKL45I4KYHPJRYMA11X1DJNIDKQLDN80HREWKXLCFI6YEY951MB4EH5EVLAJXY8VNE2F5FQXHTRM5AMDHP94EUB8LVQH 90O OVELQGT 0NY97EH1PYA9AN6640VLG4XIV8DL3QMCNN NNLJHGQM6Q0SNDK OALSEY FSU9Q', '3IGGUWRU', '2026-11-23 16:15:56')
go


insert into "User"
    ("User ID", "User Name", "User Email", Address, Telphone, Description, Password, "Creating Time")
values
    (10, '7WV3TCMM', 'Y 8T5VW0BPG2DMNKW37NP3NWEU87XGS 3EM5JLSYMIO7EBSPG ', '2WID7OGXJE 4JK7 CKQRB4WR4XU RJ54KRLQ76NSC6PCV6RPAP', 77, 'XNGLK7AU2JWHSQJTMUXQT0E610WLQFX7DNJJ001JRC89W77EGXDGG8BD5P94RKTR 55BYMYLJKTYQT031RLY8XJF0 0EE5EP YU1F0ETPJTL0YBW1UFJ4MFHK6RMESUR4T21LEVSWX0BA4ERB74C55JE4YU76FT7K6QSYMB3K1VJ1PYBUSVKQ09C6LPOD7S81224R5USO85PQI2R3MBBAXACNWL39OG9O0G0E6R4YMNJSYYDENPC1CBF BEFHY8', 'HRQONXRM', '2033-4-21 18:54:4')
go


insert into "User"
    ("User ID", "User Name", "User Email", Address, Telphone, Description, Password, "Creating Time")
values
    (42, '8NRXGBFF', '7J7O30O8Q4GNXHL4DSSP1OER92PS5C1KMK4II4Y1645NE2TATN', ' QXXLA DKLQA2I7EIB5F5FH2R57J1 QY8B7Y7 F4E6BI09 LGB', 88, 'H1UYAYY9HN42X2BNXJAQLPUC6SBL76MKLC5CQ02RY72LLT892YKBI6GOM70WXMTVKX10J97HCVP1O3XQKRFPF 4B3IOA68NDRDF7RTMX8QJWEYDJTHLSA I26HTYWPYQKNBIEMIOCAS869PLKAENOQ099JO98CR8 JL3NBMD1E35WPV4WTAQKMLXIYSFFQREMSC4PEMTINUHCT8LC6WQ5DT2SMHTY9PW8BO F9EQOF22AJPMUVWEVY SFD31DNO', 'D4QLY4WL', '2001-12-15 5:9:19')
go


insert into "User"
    ("User ID", "User Name", "User Email", Address, Telphone, Description, Password, "Creating Time")
values
    (77, 'YHJIQWAV', 'QF7HLET77573LUGU7K2BBHAAAPY6DFDOT2DSO95TXV4EFYO4XQ', 'E9IUGFMV2EK48J2P02M9OUV68UIK4JJJ3YRUF9GT2TEIIIV9AT', 76, 'V1AJMFWFGU73M1UFXR4XUNUG1XIQJ1TV6F02HRU9SFHD291ONP98NML03FN5WETMCCOI01GUT2YPA9PJR4NGNQ059N1I6OUE8STFJLL46CPN4YSKN2R 7MNP6M8Y69YWI9CHAG7BY MRHM0B612LP9DUE4X4MYXR KWYRC4W9M0PN546FCK1V6TXXA75KXETOFDSM52U1JDHUD8 F9A3A0VFHP6L5JJJ31P9TK0HUFA6KK26N9NA8RTBXG3ENM9', 'K6W 73SM', '2013-5-24 9:31:47')
go


insert into "User"
    ("User ID", "User Name", "User Email", Address, Telphone, Description, Password, "Creating Time")
values
    (97, '7BIM0MWA', 'VYLGP2YWTISD3KQXAAEFJ4H1KPL8C Q6CEPS0NU1R6G 1V0IVS', ' G5NUI3DQJ9KBPWKU06T25VOQCNRGE6 05XUIMV04TY2WNCO Y', 32, 'NL3E40Y6TFDPDQQKM821GATTS7YYA02W39M5SHAPT1V2GKXJIP05J7A4V8G26RKTC81LARTE5DP4NW8 RD2BTL3X9N5YTXLLBTDY5DHKPU88YCMETII51W8G72ATAMBYFNHYWXTE30KL95651Y5SQ8C6V736X8T3Q9QNMQ954MJ7GBX71C88BUFYF8QGQQ6UQFOUREKLK4RYCACOK1QXWKE35 WLHDD58YCTGJOR3NPSTWQM1 O3HN9QB02 JGY', '85MFMFMB', '2008-7-8 7:38:26')
go


insert into "User"
    ("User ID", "User Name", "User Email", Address, Telphone, Description, Password, "Creating Time")
values
    (98, 'SM6HPXI5', 'YENWJ2MTSQDP1PMYJVYD35PQAP6OXY8II9I73YGHV8L1WQSGEU', 'BUTCG2OL528IKXPULCR344NP1OYD6QL6R83E86TWX ERDXEDX4', 15, '1AXHH5BWK96KJV8ABK28DCFWQTL6I PH 32THWJNK5ACP97YWW900WQPBQFQ342OHSNRYPL37NKD5EKR15JO6NANPEL19HRJ4GEEICP H2VFA3EKCIX0KXTOJTGOUKL43FLB8PK2MFRCLPT0LJSJSKOU2CD42EV2M5HRJS7EBXUH01N11LIRK36R8CX1LLT CDORIJIKJD 6UH45KOE1MXP2BFH0CTG3KN36PSDWYUBWFFJ9HGYJK S2UTUMQJ1', 'IYXHCXGB', '2024-5-4 15:21:30')
go


insert into "User"
    ("User ID", "User Name", "User Email", Address, Telphone, Description, Password, "Creating Time")
values
    (44, '6T92T3SE', '20G1YK1EUE30CWPHPCO0PQUM2D7TR90LQCDR2C7MKPSRIRADF0', 'NNSKELD84GPR6XFNPT406084DA4V0YV3X4O4L3KYQ98Q6HBVFA', 64, 'FPFIB3UYVOBXRFAFWKCGL50RTH 9UR7845XK4J3Q0UQHMWN4SQWWQ30XCQ87U577JPRO8O7XBEMSRAJOJ6EBT6XJI5BTX5OQD18HFS2GROBHD B7JHRJ2TQCU0CXKW3IXXM8Q0M77S6BDAQJI OW1YX7V0CI UTGT68TQJP913QKP2I3J4WHY R0YAAJDTEQA83WDL2DIXJNWWV22WRVRAYC4HJLBGH3H9GXV46512VOJEP1SDJU6OUXBJR9PJM', 'A90D RAK', '2010-2-28 8:19:34')
go


insert into "User"
    ("User ID", "User Name", "User Email", Address, Telphone, Description, Password, "Creating Time")
values
    (6, 'YJUTCSGV', 'P MA3CHON9RM4J7IFD 13170J6B6P64KVJ VR SS QB52V78OY', 'QEULKVUMJVYY54MBNB80ETGWLA4VVPNTF5P1889OU948DMV5IQ', 60, 'VPFKJF4OCHJPLFU34U1JQJ292N K5KQ6SEC748OK526K2RDDMXYPK4QTFO5HYOM48C05K81HMDL25QICFC4YHKI4PA166I2Q2IN1AJ1OEM P52WR6O7TB35 0QMHUTN4AUV5SGKQ5VMVD4Q4DXJTBQ1OEJRGHNEXM8VYDRWL9KHIC WQ2TGF029LLJD4NRNM2IE1SSM14 4MM8KJQ4KPCMMAK4YA3VH1VM8X89M 6VQK45QGWE1V05O7C4HD0I8', 'CBL7U84 ', '2037-5-12 20:5:18')
go


insert into "User"
    ("User ID", "User Name", "User Email", Address, Telphone, Description, Password, "Creating Time")
values
    (34, 'EB NQRBV', 'KH AS6HE395UMAVTPVB92J1 4PAB7ERFGTGLKFX8EUQC3P04M6', 'CJ2SNR6AEB6LPT1 IB51G5VTIRQI3B9H4AUXP2EG0WR6UVQ55V', 74, '7TU7ARVVJMNFG1NFD3TJRQ F2PSYW9KAGCVTVT8M 0AP3NT23GUS53V77F5MK71N76JBTSL3S6C88NJNASU26 A KFY1BVPR5JLP743IGIVCIG8T14E0D5LN603REVXKKWRPG4FXH55XQGWDHK KGQW59D84CG1QKWPJJ23JGEB01JMN6L7HI9WUF6L2F69RCO84B5AQBWT9LECYL0KGGLJURLAGXLBPI84AGQIVMC8S5314F 74JQKOT9EMH4S', '50D RDVL', '2013-11-17 9:39:13')
go


insert into "User"
    ("User ID", "User Name", "User Email", Address, Telphone, Description, Password, "Creating Time")
values
    (84, '2GC7CH6S', 'HL2OTHQ2XSUSGNUSL2BGV 8GKTX3YTJI4L8XN4NKRSJGWSG0 Y', '5A RRQ4JGTL9SE59K5W1N44G2A4VVCHWDD6C0QOKNTEOF 7WDW', 41, 'G LMBO3CF3FJVJL4LUGSTFNI1FAE MHVW8RGVQJNW2T2GRWWBQK476ED60XWBKYLSSXUE3GHBD2CLCBRY2M9GLY7KCW3TM4Q0TJXM8AM54R51GBGQBF8YQ SBYLLFOYM6NWWYE6BYDCU9PH GXRLPE1O2ST3VBI90 0S8NK6YI9NUTKFIQ1JY8P65MHKGPCM75KSU3LK85GXFWTPFOP3 VRJO6KHMB5RO PE7Q3270WU1F1DYEAKVLL8W2E9F P', 'D98GV2X6', '2032-10-1 18:34:12')
go


insert into "User"
    ("User ID", "User Name", "User Email", Address, Telphone, Description, Password, "Creating Time")
values
    (37, 'XSI12EA3', 'WSDHIFOB0VHC7HBB5H5GDK7MFTNJCT3JO48KEF0PSIFLONP943', '54O37S8O3S307G3YXKUOMSF87VP8RE0MTEY52VEBN3OHELUT6K', 90, '7UPHTOUJFK7TK0 WOHBJWXG BJOWIEEARLVKLD1VEK73DD61JT3C94I41OXHXF58S GPYFN6GVFHSJU5MBLRXJK7V0QBIETTF68G 3XI8WIJDHI38O38L8QKPQN5LUCY1NWTRK5RLTG8YUGEQUBULT5SLLYA1P7SQTLF49NIKBJ 2LQ5RRSM653562JKO3FKR5V R5I2BIQ23QKG5F2FRF0RNTJN0H0FKNFP8FEIJUTT37HRLBP7AILI8BWGV89', 'URGNHWK7', '2039-11-10 20:57:8')
go


insert into "User"
    ("User ID", "User Name", "User Email", Address, Telphone, Description, Password, "Creating Time")
values
    (72, 'R4V32M5B', 'L1G7X XV4GQBO1KEL3VJ9707WFN7OXOKPX63FYW DGTGGJ874U', 'CK4NEOYMAGFO08RV1 XRT2HDTTXSYTFOAXU GRSB3GL5NU5M63', 5, 'YRDSN6MRAY8N38G0V5V9O7L34GLEY8RRNEPG88YTTSU0B47VU58 QYBG8U2UC SD9QKII1WHHE3OAJNIDSER9I2WDK172G1BPD8YDWDY5B9BNGM3VFEJ0PC88PD 1TCLEIG3XS3EMO56SHSRLBFM4TD3PKLXNQCBQKT8SKOJU F3H8A1R7TR5R7N CN2OOUNAX36L76GOEW5EBNY98OHBRNLRX18ACK829T0U K7SKW39F7BD793SP7GMDPTKEL', '5 DI3CJQ', '2031-8-1 18:15:40')
go


insert into "User"
    ("User ID", "User Name", "User Email", Address, Telphone, Description, Password, "Creating Time")
values
    (58, 'I9C0B4X4', ' 8L20RV6P5V7VFL6R07Y7LCRJJFVATC4R P2QPQNGTQHEWAYU2', 'JKS97QNX3 BE386VUJL55Y2JOEABAO3 ONDB3ET8VGUYRV88X0', 82, 'DGVE8YV3UUGAP W85TN4O79O OAGF39UNTYDN24JLN64AS HMVYDEK442OHG7P0GDQH7YSCWLCAE7L RGJ83KT85HNQV027SMYUNM8DGT 8FULWWAT6I2V3WPBL03590C4EJ2MR2AFTMRILFYQURARM D4 CCS E00SHA2J9YRFDIQ0NIK7 G 2X0BKOK77SYYJ57AC971KPK4X7EU76URKN0SS NULMWPAY5QP05HKCLP4188Y0OLH2LR18YYB', 'WLPL1BRB', '2029-8-11 17:38:57')
go


insert into "User"
    ("User ID", "User Name", "User Email", Address, Telphone, Description, Password, "Creating Time")
values
    (69, '9PNRDRKK', 'PKHAEL5NL19CHNB1P91AKLUQ07Q1XFN2MWRS0MIVWHTOBG1KWF', 'PCGT08ON7Q1HX9IXWPYQNFRQE6JMM0P03G3OUMP7DIAE LHJ7H', 80, 'BNNVDAB0THM0I4VVAROHFJH3876ID64O HDOUWGVJIS2KTOHY0VO8TD22K9U3F4L 1VQ1J2U1P1ON113ERWC5D6RN6G4259644Q9SUI277PSCR4C5Y25G4PJW6VCU L9MXLEMXHOTK1TGA3EDJ9YMTRXWYLMXUESKLHA6XXARUL59GDKWU55CGRV39RA 2CGOTDFYR8YQ2MMES2LJOJTGVQJ5K0V6VOQDEYKFXXCAXJJGYXXNI22QM 00LY9 IQ', 'C O2LGYG', '2007-9-4 7:19:3')
go


insert into "User"
    ("User ID", "User Name", "User Email", Address, Telphone, Description, Password, "Creating Time")
values
    (53, '729LLBCK', 'NSPP95RVCB5NH7O3R5TASVJPNVF2PAQFB5A83049D A6MXH53W', 'JJM5UOD2AMS5NEY43TW5C087EQJVP0WD8VK8IOAJDBVGIF86OL', 51, 'P0L MIHPR3P10QPQ6W7RXH1GV3H0WP611 19XEU16JRV73PHLB PELHCX518F61XB3DIXSOYOVCCKNYP8QED7DY IG8KOQUC6VHFY7Y9FP4986G9HPO8YHAW PIYIJ7IXPL3M1DSA9J0AUOQL KPB8JKX76LGW7MA1GPR5PH887MU18WNVHEYWX4Y8L7VIGSWRUG8ICS412SXOIAKTLH42UX 7AYWPCB34ROIHJVX67ORT4NAKF71YN2FK1ISR2', '2O315PK4', '2043-8-14 23:1:27')
go


insert into "User"
    ("User ID", "User Name", "User Email", Address, Telphone, Description, Password, "Creating Time")
values
    (14, '4TYYF 4I', 'OABJ59VRUFS5TB7C0OGOURYXO1QRJSTNFJ 2P TIJQA3LRNXVE', 'WT2R XR I2AS4B751GAD1BK2OCJ5RUWKJGXWDUFGVIK6LEXMG9', 7, ' FYJK4V8NIDJ6U8RRTFTF54SOV5EVY0E2KK5U L36OFPA4S377IEVRQ6PGV87HGKQPABYBDKS3A0KY2QNIY1Q Y45RI20RBMV0KSVS1RFKFMHP4S2TO3OL9KG5XA8U1FOG5SFIRXU5 I QWM2KU624YELUURUJU779UP7VWJM1ADGPCAM84VU3HEX7I1CL7MUH09 6S93B FY75S1WVX5F5U1PNP780Y1U11V32VNICRP1EJXN 9UQ8BPW0YANS', 'YBDEHM8 ', '1990-11-20 0:28:46')
go


insert into "User"
    ("User ID", "User Name", "User Email", Address, Telphone, Description, Password, "Creating Time")
values
    (55, '5TOH4DJ2', '3EPTYRW1CQ V4A399908 YAE01JKTTV478DQJBK7 D7R 0VHU0', 'YS0A78IWIOA1 8BSR7PM02BMFB1DW1U3WKU5XAF5AM0B9XOBB9', 27, 'OC1IONTS04WOB6IQXGINME AWO5LD 7SM JCRW31JGFIDD3RG8GN6CW7MTJ HOB8F4JI FPE87AQJVN9SPO9KPT1B0CVX UQBASM7W8MPCMQCSAMKJ4MY9060WM2KSKA34CMEOYAL73C5WMJNKOKNQD6J07GTCYW1BU0OJVCC5PFKKQBGW0ELV7NKD53H FC11W77GGHHC3M3LF2GW8JKEB6X6 BE0R8E9FVGWNG9ALN8MSCM3948I94DPLJI9U', 'UJIOCBP0', '2045-8-10 23:38:0')
go


insert into "User"
    ("User ID", "User Name", "User Email", Address, Telphone, Description, Password, "Creating Time")
values
    (91, 'E1I04 28', 'A8R8I97VMT7UJDL M 5KBTQ39DXTHGMHIQEW943207D6UGAK6M', 'T QGRTFULWXX4WR10WS QI8X2UV5KI6GHLQSNXFIIK5K9MW06L', 94, '3OKEQQJKB25DIQAL7I1NJB3I2HEP3YBDO SJM92R4K5XFCACOCMSS7NV9HIMPKYXWJUI AUDFAM3JBXVQ1VGKYY NKRF438FYH793FQMJ8OB69Q3XB6HONG5MCLXF6RID7RR89XM0LT1L3QSX0Y168G5PK75G6V2DA1B1HS8Q HNIV8LQINH9IVXX1RJM21 VWS0YM67EJGEYWOJUFO2G3LSQI2JFLU9T5N1ONM1 KJC3T144NNUTJT78N6939M', 'BCW7KMPR', '2040-3-10 21:11:13')
go


insert into "User"
    ("User ID", "User Name", "User Email", Address, Telphone, Description, Password, "Creating Time")
values
    (85, '4EIUUQ2J', 'MGXK 28OA9IILKNF60F1S1501KSSJ67D8I3ID 7NUV0DA7P7 7', 'I1XPBBNLIF24AD9I77K6LXMHUPACT9GS6ULW3L6NJ94MEMCFEN', 25, 'T SG0X6S4ID8U50GBRAKC0GYS4SGNLCLOBMDRL9YDLTP63UMCHONXCK8OWS1N5 D VY0CF1YHWXA7GOPJG0EVNF8PBTBEU5AIILRIW57QT11V OKPJC8E6IBEST7NIWVXDGJ 02JRHRPSORPJLDD6LDBV414K59NXXHVCU46XR2SHGHK 04A5 FUCMVDSIGNEJ4FF4OYI3IQSVL0KMLKLYF8K9O2YX5QWTHHWB6 D4BO9C3M79Q9RLAU5KOR58Y', '9US9UQLT', '2030-4-19 17:51:10')
go


insert into "User"
    ("User ID", "User Name", "User Email", Address, Telphone, Description, Password, "Creating Time")
values
    (0, '0K56XX83', 'L23H0LKFNG LMERLG62QT3F W8LFKM 7SWUN SPVO 88UAJXJ6', 'YYT890AJEJS6IOOP2YN39NRWFH5ETOUXNSBUSVCSW4MPYUGJX2', 16, 'RJIMJKTTKFAKPYD7NEUFRNWO 68AVE5YKG2Q9FFAHOV5QR4HGJOEO1NJ R7960SQRR0O0XV3RMGOTJ7SPYY6IA5P8HOCP73920RQTVFLQ7VOY77PKHD55UHKSB6T3LYLF3 X46TAH27QALQ9YFM2049OBCTC4ULCCI4HOW5EM79XMB9U0PJYBV8PAU29JR0DBQL9ED0H QGYD0BNHQ0WEQXV6TWS065O4A 9ES5KYSWN185UKVM37TCYH6OB6KC', 'QWVD5KB7', '2007-2-8 7:7:22')
go


insert into "User"
    ("User ID", "User Name", "User Email", Address, Telphone, Description, Password, "Creating Time")
values
    (76, 'KETSGKDN', 'LDRO09DY7GLO0RFXU423VJXPI1NMVTSB5K4O6P5H3VQAO0OCAK', 'V552HBYFT358KY34KTQV0YT4T6 3THM2 UM9QNH2HVAEY512BP', 2, '16YHUW0AHCJ0FTOTN0H8TEDPNRDYQ20GOB8O5HUMFS7HH8KAFIDYPUAHRXM ONMXOH0B08N7M D2K535O 7 HRBO1 W15FSCE3KR2AHI8 IGR0JGGLENPDN65FXPEKFT9GS4JWJ9T H8NFAK2 YQRB0EH9KTX Q0DGG0JKXRWQPPW5PQI JJJYB0S9Y3KQTSKV6AVH62Y4I78OAPH3VH5DB3O5AKT N66VQ0VM1A7QDCFUMYMLQIBNEXE B0 Q3', 'X7MLMJ1I', '2022-5-13 14:18:52')
go


insert into "User"
    ("User ID", "User Name", "User Email", Address, Telphone, Description, Password, "Creating Time")
values
    (11, 'ACX38U3K', '2 C1IQKRMBTHW4NXIUS5R7PF80IVO2JJFN8JXY 8 OQ5N3WJNG', '8LARPUG93W280K33KGQRVRHRNL9OTKPAAYDDN05JO472JSHQKD', 95, '9UAW8YLC89DI437WGEB86PEL0QCB2OO923NNNVKNT8IXBPT0URPL7OAATGXINYTBMGH4G1LTEQ38J5RDGRYUWRKBPKIPLYW3YC1Q5KMFC7RMYB614HK16S59FYJIEH D84 DU3Y70O4FQ06Y9OESAA73PSK4DMA1K0K3K 2SUL2DD0O5KGDKGSA6EOW1E5TT0BIUN47V0G45UX92DCO EJT3VAVIB0IT8OVS2NSF8QJGALD9AP7851V7SP6F9FL', 'U4IDUF15', '2009-5-25 8:2:41')
go


insert into "User"
    ("User ID", "User Name", "User Email", Address, Telphone, Description, Password, "Creating Time")
values
    (33, 'PFAII87X', 'Y2VV4XNTFOY 8R277BR99QQO 7F8SB9W54WTXQICN6H4X5UI9J', 'V9E91SOMVSNBO1A4L6CFRG GWWHJ0N8FJDTV SN9YWAHY6L7QA', 39, '3CA6PO8JP3AIPXBF121SHDCKLI57Y4XHNRD68O2FK1BXU83UJM55RVCVO7P3T3TOCC0SCQD6A5NTSK9QF2XFBOENDYS6ACPWPSM34I9S3TPRLAPGEYC3VJTXMJ9 WU5PPB6FQW2JRT7WMXN5WJHD8BO65FN1S1QYL JNUOVBX9 9UO06MBMGPRQS8 DDDKILRM SH7JWE1X2JNO 8TE2AQ4VPXXAXS X5GA2J4EA3Q11MV7XTYPIVMX9HFN5LB1', 'EF9L5M04', '2026-2-8 16:2:29')
go


insert into "User"
    ("User ID", "User Name", "User Email", Address, Telphone, Description, Password, "Creating Time")
values
    (18, 'UUCAF  D', '0JAOCVJXM42XHBXNPP9GTC4WDYRIX2AO26MIO4YF11RLNILAWB', 'XD29JSDSAR3D4OQ6LHY7UK36H43T0K1FEANF7MU314J7B9W1BN', 8, '5C8TM5EN2ECM QFQ7GU112MQLGF P0M1OQ2PTT6XDIJXB8 FJS6D1RKVRQKBHXAU9XU7DWUR41N7CLL7PA892UT B40 J IAP8RDQ1JO 0M5VG5 DXGJRVKW4AVG9FBDA3D4B D2N0S2CPKWJY6YHRGUGGPRVPGN6XEHM6 WXIP948WUXLRGSO37IMLE8GTVREJ67VCNQJFVVUOMGRT1RDWKSET2Y5GCQ92WGU5ERT7 060COOHOUU605EOPQNO', 'KWPM0VR1', '2018-3-24 12:3:59')
go


insert into "User"
    ("User ID", "User Name", "User Email", Address, Telphone, Description, Password, "Creating Time")
values
    (70, 'FF5CU2K5', 'N5QYR0P X3T7M1SIYHBQFQ8L TQIGQSWMAFOOGGOMV8JTLUJO8', '8WN5WILWA3AD6YWU5GO7G4JJP UW67DLEL01U0HUB8C8R0W165', 31, '6IMKW4LH 9MVHNT9HEWYS16WXXP6QT89W00DA97SD4TLC1LM1SKHYTRN24RW6DLRD2U Y2PYH4UE51IWXU5UCNT72AE9VC51CTYC5884QBKMT8E79M1R799BMIFA3KUQQ4THICWUX64RD5MBY3GLOXJ1YSLATA 6XTJ7AJ7OVI6NUHRO1AJDSFLEGX114DVALQRMW JGLWGSJFJ20G1OE7R1PFJXCF9QJ9QTT5E9W3I5TFKE5MLRN7P1H2U76YX', 'I7DQ FKF', '1993-8-27 1:54:33')
go


insert into "User"
    ("User ID", "User Name", "User Email", Address, Telphone, Description, Password, "Creating Time")
values
    (22, '8TBBS1XB', 'EDBEHQF5CTVSM3275ETD1Y7BEA3PB5KU8BCKGHVTH7ORVJUC B', '9WUMDJKJ 2C1O4EOQPGBBHJO5Y5DDMNMWGG6BCNQK74KFSKQE0', 50, '0RPNKJVPGL6QLV7XEGUVW3NVRME1Y3PJFNBCMM5AWY0JLJIWY0R9L3M7OEE7WXY822Y3T9CPPQMFQPN3PA 53TABOO9NKTJIHXJ2C7TB2JVHRONGGB3K1U2AK9C605S8LMIOIT3O0F32 98H8RTTSORH73K5EG7LI52UVW63I5DWUPU9EIVLC30699JQS2T7P0B244642K9F2I0POVXRGN44UPTJXN938SX7DWBTW9U8JL04S M4OE1TP0VSP8O', 'IEVYUMY8', '2012-11-23 9:21:43')
go


insert into "User"
    ("User ID", "User Name", "User Email", Address, Telphone, Description, Password, "Creating Time")
values
    (63, 'I8BNT8CY', ' GQIWDQAD7 1CB7OJM5SKRQVUMSKA 3SJWU58XPFVKH51LFP2R', 'FW5F0K7YU0JFF8OV0 WNF9VLO9FJVPK6 4N5BNMJSY8YID2 01', 9, 'NRCWHHCVLU4ELCJHPON28A0KEITSQTJ2FIS I VGIQ1JVNET0D5XV3MUS9O3IVSPH1P1CWBEARP0QO7LPIJLTCX87IHIPVNVKJOCNCBMQMS4HD9WEMTW2I1U9UXLDKYDJHHU08CFL74AQ01MP1HYE4K9YACA72DV9QRNIONX0 GG4NJ8TP18CEGJ2SH3WV00OYQXP765D9O2GKY6WIAFRTH85WKPNLARROJY5HDPTU634 CRC15 11QGS66QQ2H', '4BRUFK0H', '1990-5-29 0:16:37')
go


insert into "User"
    ("User ID", "User Name", "User Email", Address, Telphone, Description, Password, "Creating Time")
values
    (99, 'V4OVUTOW', 'IQ3UL6T6X9KR4MHUKUAYLMIA UE5T5OQBYBRPA4N9294EO9SL9', '9GHK1NHP9S5TS3DCT7JLINAC0QN7O7838DFUYIVMMNH604 7OE', 83, 'XQG9SWNMNLSBQ7QJPJBNOVDF8HFU6G2SHY3EN05EL5N10UK61YYY95Q74I60SVGIJ9SRW460U1HP6PG3K17A154DQR32L74KSUTH0X3T6Y75BI0NR5E2TS1I99JCVXGRM1IWWR9LYIHDVO536NLM0BO44CYY8F2196O616J0EEFDKB1YSKLH2T0T THCDP482T0H6W8AN8MAUT320X OA7U7CAWIOCULTVKNCUU300CD0R2K8AH E M9P2TEJQV', 'CCT8BWOF', '2016-2-4 10:51:8')
go


insert into "User"
    ("User ID", "User Name", "User Email", Address, Telphone, Description, Password, "Creating Time")
values
    (28, 'X9T7W5I ', '8SOQ IBBC5OOREN35KRY8OYW8EXX7O60UPE 8S8 S4F4SO32WL', '0OULIPN6XOG81NXQ75XPFV24LXIP2DKLAGGLL5PU48YOGD0KL5', 81, '9GJ5LODAJ3H72N4DLBMIM15A8H3THI9 728FQOGL6PE0 P78LEK MDTYT8JSRMOFUUOND0JUXC ITV88LL4RJGSUQ 1PA9FMRBUBRSCSSHDH8IO5Q5W61FB1FRQ5XYLXME5ODNDRDRMHEG1SJ8TBR9868 RUY VNI 1JDJNEO3HHVKXP74OL1NMCEKR3GN2T GERVCV5JD7P34LIOQNJMLPWYC XG4R03R4WFW DK3CK1P81P0H05A705E3P1LV', 'NJ91DUJC', '2035-11-20 19:31:9')
go


insert into "User"
    ("User ID", "User Name", "User Email", Address, Telphone, Description, Password, "Creating Time")
values
    (4, 'WER6H2PR', '6CHA9AHJKQXL3PK6IMMH F1TQEPU3Y80IYT5BK2SYC60X61EHM', 'FV40XU3I6MKEE5HO6DXGWPRDR1FA65F  USS0KW8EUST0UUEPJ', 71, 'G4XI1HTLKSOQTR02LIX0MLIL119CI5KE6U0JAOPVGBGAN2U3EV8KX3YBBGI6BP5TBFH1YPQC12XIF88W0PC66X 3F2P BK8MW55S9 V750YUT7EMM29YQQ32OIQ 0UG06P306EQNTMPB3XOCSFPTYBLOA9LXHND1VRBOYS6D1IWEO63YQHA8TCB5O0T87OSKNCBK8 YLVROPLI IIQCBGIHHBG4E6T3JFI0WNBTRTIKHJ07B85EBV8ET4UJ11AD', 'J08ER NJ', '2020-7-26 13:17:40')
go


insert into "User"
    ("User ID", "User Name", "User Email", Address, Telphone, Description, Password, "Creating Time")
values
    (36, 'MCQ1 M15', 'NDX32 9S7VGB9SO2IXKLT5SBNJXJJLSMSW71FKSX7W9WEGNNRT', 'S6SK 6CVAVIMX56FUIYKW  DF4R7M4W2C4CDSYMOD7WWNFRNOW', 61, 'DDCINTWNMANDK56NQ 1P7P7NVWLS4PE9MHDUOJ559XSELVB8Y9JDQNCCWATKM J8F8E QM8SR39X S N7V 3XYU9KSH4SLUWO3SOTI319V R48LU1VBPNELXRGPMI48Q0AYMD3QG0 NG2Q3SORDEBJJTXA69D 9U3GHIUAGRJ0Q9T2U 9W3LDE5M6TYPDN  S WO EM64AFEOUSQMN WDVT5XA6GAR9GVQP0KDMIUMWCPYOXVMNIBNQMMDDQ98N', 'WCASM877', '2017-4-17 11:29:59')
go


insert into "User"
    ("User ID", "User Name", "User Email", Address, Telphone, Description, Password, "Creating Time")
values
    (64, 'D6SBEO45', 'MJY80X P V3RE19Y5J5F W85LX9L LFYW3IOYPTKW8G9AP0M9Y', 'BMS77NV8WPUYFRKICCFKEJURII9F8CDP34YFG8RDR3GEMLJ4T5', 59, 'JBDA1OTTF7A8AYSQ84SR0S5PWVRXWLXTJ0BOM3O1PTJMS745S330U K00MBPDQB446GE7325G40LMY3HVY9G20V7L6CRAVSXJ7N6NIGAM 38FFI6V8CHD2IO9FG7W X84RBNY4AO4P ASG 6QJQQPC54BCXLJBVK B33TT6UY10EPGKQUOSCN5Q3M7G07KNH7KN9QGAE2UDUFBO9BM1I KQTNU7KVO P3NJPTM4FCN NGMFQCO7692KSMOX35PH', ' KJLATAO', '2021-1-8 13:30:0')
go


insert into "User"
    ("User ID", "User Name", "User Email", Address, Telphone, Description, Password, "Creating Time")
values
    (83, '2G17RDNQ', 'WIKBPE9NG K2F283SQJNCGVR F XFKTJ5NIR6NQLQQQYY05WR4', 'JEVKKHD6R7FPHXC064DXB6FWYPHFWDJ  C3NKVFC5AT LISOY3', 46, '08CVXJBK7XVA7U9E9MD8N92YU4TMT0UFW5MQMOPMTE JXSHHHHBID 3D27UYPTGLTJECXDYMAC138TIC4CS6AAEARXBYUKNXA AI3DM2HUE2KI6G8P8ENRFIDWR2LI3WVWF4X91XQ2HMN1BXNVE74RQD9 AGOPEGUC6A5A59TS8LGPRULUH87JSN4W8FARQ4WWUOIDAP1C02FUBA68P6 INVPMG6RY3 8OXKA2T8W  0WCWF1288PAY 4A78TIX', 'AXF2GV08', '1993-3-4 1:35:21')
go


insert into "User"
    ("User ID", "User Name", "User Email", Address, Telphone, Description, Password, "Creating Time")
values
    (48, 'DJX1A7V2', 'JYUEWWCNUE4HVY 1IR D2HV5EHYD075BUHJU5R5QA9L3TF0CR4', '3H0XLRMU23V7N1U6093PBYTW11YL8SKGG9MAEQ3D0C5XWLVIP9', 78, '5KCGP5GHCCIF32X0KTW59IVMKHC8J1K958O5F OH6U62JH858XRFUEKQAJY8KNFN8P1J77BXRE79K 7VT8GIFYM45XN3HR8NCQU7G7Q38FQQ60D TH2NTYPP49V6WDG5S981ETIOD4KFOD74JLI6EKR5TXEXN84KKBM41B2D87I8X758S18TYY6YIA5DL8YBN V48400DYN1XXV7GRI7F2QOVX29KFQOAG7V923E9PWMOP3RFSQ0UWRWG0RVK6D', '0IIEHW4J', '1999-7-21 4:4:23')
go


insert into "User"
    ("User ID", "User Name", "User Email", Address, Telphone, Description, Password, "Creating Time")
values
    (49, 'DG73B52Y', 'KYN80YQXE5Q62JQ1ANI98RDV7TX044XJS4R3C4SWW60283DPIW', 'KW 4 Y12TNM9QJ2UQH26SPKHQ2UTJ 9 81EFX384I5 4SO6REG', 47, ' VD7RHVTRO0MNOD8J26LNOLFS883P437  CPULD1Y5C611H7KY5O0WP6UD44F5VR7911 F09FNFN2JXAK936S2CLRSQBH6MMJXAPISDYDJ8IW3DCV41TPHPJLBKPOKIE3HUAJNFM1E I44T00P3THW0CKPIGJSDMIBCYE5J2 ATF123 6MA0K09JCN0TTC4JYD3R4WO34ATXSTHWC E6L1702DAES64G2LYKUGEIPJ9G114C2JAG2R5DR87AISL', 'K1687LW7', '2025-2-17 15:39:30')
go


insert into "User"
    ("User ID", "User Name", "User Email", Address, Telphone, Description, Password, "Creating Time")
values
    (23, 'I0O074E5', 'C3HVHIUS04310HIIVIXM3LVTKTX6MUJQJGPM71BIF 11A0JJW ', 'TBFR0DHCGMW8H1KPNKX9IR AP2NL88X1YDS8ERAF XSJLNK5 9', 68, 'MUSK5 GCBF0F83XEWF28IOCA6VALDR RLQNM9JI HT 9HBJUPETH80IFGA88PF4MX2KP4E18S4BW89IQYYD43W6JNVQ2PQJ8XERVP3IDUN947 64YL5LJYAOH43NTP BEQ3TW7FCVUXYWAFOMDWG0NCSXY2DH5BE4BA8KVFC940R9F FGJ181CXDGEXG20DBPHQL0FFT 8PW7HULFMNNMPTPERYY2H4C5RT52O3F1NQ3BRCXDT92OAHWLOQ9BRF', 'DXSM65LQ', '2036-12-18 19:57:31')
go


insert into "User"
    ("User ID", "User Name", "User Email", Address, Telphone, Description, Password, "Creating Time")
values
    (27, 'KM61H06L', 'OGLS4VEB0CCKG PY S34PB7B2WKIBX6WNMWTFKQIQ205IBTKHF', 'V4E67FQ6SK6JY7KL04028ALRK4JX4PP77E8Q0H9H5M7 1GAA9O', 63, 'EG1AEI5K0SOXKU7IPDMC51UCNHOG5N3RVDN2H1G8 U1 V11 3E8AWSUKP5IKG6TRQMWF73XFC QIBGXS3E09 CA7UKAAHQ6NOQSPF52S1KQSO4JYNQ37JOUUG3EFRQ02X0EAY4OSSACJOWVNAEAJ7M3D1I20OYDR46QJJ9Q6HC21Y5LIT78UTH662DROX3P824QW6VJHD70T0S 8I8JWPD2UW7 7G7BAXFL7789UGXF11JPUN8PBJ57TNWIKVGO', '2N38TX7L', '2035-1-31 19:21:28')
go


insert into "User"
    ("User ID", "User Name", "User Email", Address, Telphone, Description, Password, "Creating Time")
values
    (62, '5SE8THK5', 'DRUSC4QDHPUFY21MO17G1SSOO3VBVNUQ 5FMFTMD6CF9EV72AD', 'GA6BTOH4MNBDQIQ4RT88JJ3VB42PI55 SDNMG62BTE1YY4JHWP', 22, 'ADTL03 N7V199BDA0XBCILXN6UMXJC4W1F08XS2M6EQWBNHSH3WPHTATXT3 0M72470H6B 7BI0MJ6W1DDO52AD566923UGSTCESN12QN34G7WJLMDBQR4KTIUEJC6S3X36R66IIFHYU6F0IOD2JQLDEOO8PXM7H3W9Y0AF HS5G 9TBN4Y K689BGJ827KIPAGYVNJPYMA96R6SSY37MI35 RJR 32403DBG9K6PAC3HXG0OW4G X6 BRR5DAJ', 'YCDAHAQ2', '1999-2-8 3:47:15')
go


insert into "User"
    ("User ID", "User Name", "User Email", Address, Telphone, Description, Password, "Creating Time")
values
    (45, 'KK9Y1010', '46OVKQ028LNFHYMF5CEQ0P7 TK61EBTV0K3YMR2G31CX6TGF0Y', 'G8HY1COB11NY4NX3WLTPVFB1FF8U 8C5R3ISM87OYSS8VLHYBO', 65, 'L6LM1P1N8G 86 M39R0LOAGUV4BN 0FVHXVBXCHFLMR82PEQ5SYIWU6O2 Y340QUYDPM2BDNMY0N3JQ97JAED9HESSLLOGVIG5P22WAYI2A0FLVQH7HY810WW5O5 F54P7DUUVNCBPH 3W3 7 O9U21TG4IQ9FVM5WXEU5FQ17B8FT98A85JXHA0WU87VMX4VEM5001GCPJUM98X 2KIRTWE1N3R JTWH9JSB083329617TD6LLFC86K2YQC4TS', '9C20L058', '2015-8-23 10:31:27')
go


insert into "User"
    ("User ID", "User Name", "User Email", Address, Telphone, Description, Password, "Creating Time")
values
    (75, 'A5CH80FE', '  67OAGIIMMFH51BFJ2EGSJNP7CRXS4GYUAAT6ACE0S0JXD3DG', 'SIQWL8KNI9MN0CHBAHEA67VIPJL 6U2PNAD0RHWGBQTIUU3NNH', 37, 'U19VMFLIJ1KX7C72NQHBXSITV5JTRDS0X3QUYNLWF WPGB9VHAWTYPOHT ODP28OCNM4HRIXQH6 TWJD411N9N2ISKYK0I23OLWK4RS08BSR5K 68JMBWI5EXY6JAVA05YAI1QDBN OE9OXNNMKAT37D47IFYO1QV K7Q6GK0LIWQXAMMXYMH3Q5RGD3CT7OOLCK0TSL7A8H7JUX25BUMBW1E7C61G6Y7HIY3XKSGLCKB2V ID3K1USMEO2C1PR', 'EVIQRO61', '1991-10-3 0:54:51')
go


insert into "User"
    ("User ID", "User Name", "User Email", Address, Telphone, Description, Password, "Creating Time")
values
    (21, 'Y NBKV8L', 'KN4R WEN58AJ0C7T541RGYMNHFVXOTNY3D6YNL B1HF583LJSV', 'Y9JU3FLIU4TLM0SUFIV6KC104WGNNAQTGDSIBC52OTMALWS09 ', 55, '4YL4NVP7IXLH5RT20OKQQUOCUIHH WNAR0CIR AN5SQOG5MN8 W441SFQP3KKJUS9Y4T93NFSJIQQMMK85UUTY86NM9WYJS4S8EOSNDD4R7V 9HARF7ARG643BT4X617ANTB4RP30PX80J52FHPXWNKGMVEAE91QULVB28H0  6Y97H37PF85YQK MVR4QTJOE0AUK3X7LCI7YO4UR7IWIT887R2W57Q8DW8N1BQ9DVQ7CGQ4NS5D9J 3FR3LJ2', 'DH05SMAP', '1990-1-1 0:0:0')
go


insert into "User"
    ("User ID", "User Name", "User Email", Address, Telphone, Description, Password, "Creating Time")
values
    (65, 'QPIQ7J2R', 'R5KIR4DRWUP2 GC0172FC AN422PF XO261V6YCR9H4QDVXGSV', '049ACGQAB151P3X7M9 47GI4IIRGHTANCCJL9JU0JG51NF5XXC', 26, 'BJ BQ4SE416GLHQ3G1SB2Q6PSWFY7XMWQHVEENU8GUADM5Y986A5QDX6 BQG6XL2C3PAX34LUH9OT34I0ADW4A7ACG7DFVA27NJKS0AM0U2S29D69K4KOOLHMSV8EF63PEJ03SR1DN4RWSQAEJS2IVIV4I6WO73VNTBP4VMHD56MUMPLJKQA62W LB83BFT1GGRM8C8IIO9T7ICY QRAW1WHH4UX868O20SGW11LK391MQ7TG2V6T8XN4ASA TX', 'O9LCYYNO', '2030-12-28 18:5:51')
go


insert into "User"
    ("User ID", "User Name", "User Email", Address, Telphone, Description, Password, "Creating Time")
values
    (57, 'H9A1PDVX', 'HAW5SYR1HIDRVGM7LGEYFUSPP9EGQWG7QBFU52QAQVBQWNC9TF', 'GO0YNDRTCW2ADW3EW7XAPT72 FGDROVKNK0PUK1SXI2KAWUHSF', 17, 'AAC S2W1DB8X99POGUXGA501FY1A55MPNO4PT8VA3TM7G2A RWMUFUQQGMU8APKL6UOWI74WCPBEQ4EHCX5G 9K23WYDIXC15G 3RUWSC9 0SJ7Y205Y56T H4RGKADIFDVKQ5MCFYY2YPP8G3Q2PYRWX875QJGOWYFA7K8BWBR48V3X6HUOHRDRX5MLWKF9IOEJALSGET 09YC08CX0P1497I2H1JPJ1UFI7Y6711IJQWKSJIFAK2IVBPCLQRE', 'SKFSO N7', '2046-5-3 23:48:26')
go


insert into "User"
    ("User ID", "User Name", "User Email", Address, Telphone, Description, Password, "Creating Time")
values
    (35, '221PM4G2', 'IRD8HMNSEBN7PM1R6CU7O0VD4PCBVUG6M2WJ3R6WQR13060MI7', 'NW6KWSP5PRRHMM8BRWDS69PWJR4SQY62JCR J39T21BBGRT 9 ', 52, '8GTF05IIDWEF4VSKEBJE PLPXTFYW099NCW0U1HP8D97SFWPHN3R2EEC5F3OHDJ2SQF1KIWY7H0726MCP7425UJ1QEITVURBH9H9GQ5HM8SHMS8 VJ109KCJOH0G69S88 TRLL43XXBQISQY2S2M99NAVIR0RNUST1QIAF828SX4BM2QW7A6VKM93GDSFWGI1M0SUKTQV9 31CQWTSLQ1D F6SVP65T6L0H RLQ3GYHM4A1EQB92AAA8RTBAG  ', 'GJJDPL7O', '2014-4-12 9:57:10')
go


insert into Board
    ("Board ID", "Board Name")
values
    (43, 'ADJ05EJH')
go


insert into Board
    ("Board ID", "Board Name")
values
    (44, 'GC7O4784')
go


insert into Board
    ("Board ID", "Board Name")
values
    (29, '6MK6RMFH')
go


insert into Board
    ("Board ID", "Board Name")
values
    (23, '97232BTN')
go


insert into Board
    ("Board ID", "Board Name")
values
    (76, '5L0E81GN')
go


insert into Board
    ("Board ID", "Board Name")
values
    (68, 'HU0A7YUX')
go


insert into Board
    ("Board ID", "Board Name")
values
    (32, 'H3GL7PQB')
go


insert into Board
    ("Board ID", "Board Name")
values
    (9, 'MB VK25A')
go


insert into Board
    ("Board ID", "Board Name")
values
    (63, '1OEYV9NK')
go


insert into Board
    ("Board ID", "Board Name")
values
    (70, '829HY076')
go


insert into Board
    ("Board ID", "Board Name")
values
    (65, '479FXOWD')
go


insert into Board
    ("Board ID", "Board Name")
values
    (48, 'OS0117LH')
go


insert into Board
    ("Board ID", "Board Name")
values
    (75, 'AJG HXLP')
go


insert into Board
    ("Board ID", "Board Name")
values
    (67, 'M9FK23Q4')
go


insert into Board
    ("Board ID", "Board Name")
values
    (36, 'EICC30WT')
go


insert into Board
    ("Board ID", "Board Name")
values
    (54, 'DPJRTA5A')
go


insert into Board
    ("Board ID", "Board Name")
values
    (16, '1WG0RX1C')
go


insert into Board
    ("Board ID", "Board Name")
values
    (0, 'S UJXLT ')
go


insert into Board
    ("Board ID", "Board Name")
values
    (61, 'BQFJ8JKM')
go


insert into Board
    ("Board ID", "Board Name")
values
    (52, 'JU9XFL5S')
go


insert into Board
    ("Board ID", "Board Name")
values
    (40, 'QJSARUU6')
go


insert into Board
    ("Board ID", "Board Name")
values
    (74, 'IN176KQM')
go


insert into Board
    ("Board ID", "Board Name")
values
    (38, 'NKW 13D4')
go


insert into Board
    ("Board ID", "Board Name")
values
    (95, 'S736U9R3')
go


insert into Board
    ("Board ID", "Board Name")
values
    (24, 'GR3URLYD')
go


insert into Board
    ("Board ID", "Board Name")
values
    (87, 'GTT987BS')
go


insert into Board
    ("Board ID", "Board Name")
values
    (98, 'A41SXV P')
go


insert into Board
    ("Board ID", "Board Name")
values
    (81, 'IA1QLT8 ')
go


insert into Board
    ("Board ID", "Board Name")
values
    (55, 'HOV3GS57')
go


insert into Board
    ("Board ID", "Board Name")
values
    (73, '1KK8BX8S')
go


insert into Board
    ("Board ID", "Board Name")
values
    (56, 'BVG51S5X')
go


insert into Board
    ("Board ID", "Board Name")
values
    (17, 'V8LIMED3')
go


insert into Board
    ("Board ID", "Board Name")
values
    (45, '8FS2 OPV')
go


insert into Board
    ("Board ID", "Board Name")
values
    (51, 'E FWJKCB')
go


insert into Board
    ("Board ID", "Board Name")
values
    (2, 'I0WHB447')
go


insert into Board
    ("Board ID", "Board Name")
values
    (12, 'GVLKDSHF')
go


insert into Board
    ("Board ID", "Board Name")
values
    (25, 'HGAVA6E ')
go


insert into Board
    ("Board ID", "Board Name")
values
    (15, 'T7W052X0')
go


insert into Board
    ("Board ID", "Board Name")
values
    (41, 'F NGOAH4')
go


insert into Board
    ("Board ID", "Board Name")
values
    (77, '6XO9TMHH')
go


insert into Board
    ("Board ID", "Board Name")
values
    (11, '90U2WEQ5')
go


insert into Board
    ("Board ID", "Board Name")
values
    (60, '7QTBS57Q')
go


insert into Board
    ("Board ID", "Board Name")
values
    (89, 'T5VE1OKP')
go


insert into Board
    ("Board ID", "Board Name")
values
    (57, 'T6WJDJXA')
go


insert into Board
    ("Board ID", "Board Name")
values
    (28, 'YT3I01YT')
go


insert into Board
    ("Board ID", "Board Name")
values
    (72, 'WXHSBIF6')
go


insert into Board
    ("Board ID", "Board Name")
values
    (78, 'C9QKEW6E')
go


insert into Board
    ("Board ID", "Board Name")
values
    (21, 'EUIFELYU')
go


insert into Board
    ("Board ID", "Board Name")
values
    (20, '3LJD5P7B')
go


insert into Board
    ("Board ID", "Board Name")
values
    (84, ' 07UY 5H')
go


insert into Board
    ("Board ID", "Board Name")
values
    (30, 'M1G02T5H')
go


insert into Board
    ("Board ID", "Board Name")
values
    (96, 'H1UPL 8I')
go


insert into Board
    ("Board ID", "Board Name")
values
    (59, 'LPVHG66X')
go


insert into Board
    ("Board ID", "Board Name")
values
    (93, 'EW5MC3P9')
go


insert into Board
    ("Board ID", "Board Name")
values
    (19, 'L43TUFS1')
go


insert into Board
    ("Board ID", "Board Name")
values
    (4, 'E86YS4QR')
go


insert into Board
    ("Board ID", "Board Name")
values
    (49, 'HVDJD4TM')
go


insert into Board
    ("Board ID", "Board Name")
values
    (3, '8B9CHUHT')
go


insert into Board
    ("Board ID", "Board Name")
values
    (92, 'EQ3IJOCA')
go


insert into Board
    ("Board ID", "Board Name")
values
    (71, 'YSITWKM4')
go


insert into Board
    ("Board ID", "Board Name")
values
    (5, 'GTSSDYX7')
go


insert into Board
    ("Board ID", "Board Name")
values
    (90, '9JSC35T0')
go


insert into Board
    ("Board ID", "Board Name")
values
    (42, 'YQ LPI9N')
go


insert into Board
    ("Board ID", "Board Name")
values
    (34, 'HQJ6IP2O')
go


insert into Board
    ("Board ID", "Board Name")
values
    (83, 'I1S14LY7')
go


insert into Board
    ("Board ID", "Board Name")
values
    (14, 'PT39Y0KB')
go


insert into Board
    ("Board ID", "Board Name")
values
    (7, 'AN5N6EQV')
go


insert into Board
    ("Board ID", "Board Name")
values
    (31, 'N0JPSTTY')
go


insert into Board
    ("Board ID", "Board Name")
values
    (35, '3XIUFDVH')
go


insert into Board
    ("Board ID", "Board Name")
values
    (79, 'JIM5MI4K')
go


insert into Board
    ("Board ID", "Board Name")
values
    (53, '4ON9S1FO')
go


insert into Board
    ("Board ID", "Board Name")
values
    (13, 'UQ8N92KF')
go


insert into Board
    ("Board ID", "Board Name")
values
    (22, 'ON3FU9RN')
go


insert into Board
    ("Board ID", "Board Name")
values
    (97, 'ON0H JLM')
go


insert into Board
    ("Board ID", "Board Name")
values
    (66, 'SW0Y56B4')
go


insert into Board
    ("Board ID", "Board Name")
values
    (99, 'X08VLFUP')
go


insert into Board
    ("Board ID", "Board Name")
values
    (94, 'B5PKM13V')
go


insert into Board
    ("Board ID", "Board Name")
values
    (62, 'P55 KMEB')
go


insert into Board
    ("Board ID", "Board Name")
values
    (91, '2XXYONQI')
go


insert into Board
    ("Board ID", "Board Name")
values
    (6, 'T0G9DTTG')
go


insert into Board
    ("Board ID", "Board Name")
values
    (8, 'TV9KAOTR')
go


insert into Board
    ("Board ID", "Board Name")
values
    (69, 'HIC5Y1 V')
go


insert into Board
    ("Board ID", "Board Name")
values
    (10, '62YEB0YS')
go


insert into Board
    ("Board ID", "Board Name")
values
    (58, 'GUUGQPLQ')
go


insert into Board
    ("Board ID", "Board Name")
values
    (18, 'VVHR49C5')
go


insert into Board
    ("Board ID", "Board Name")
values
    (82, '2H7KJRX8')
go


insert into Board
    ("Board ID", "Board Name")
values
    (50, 'F95PBLSD')
go


insert into Board
    ("Board ID", "Board Name")
values
    (27, '7Y3LI5V8')
go


insert into Board
    ("Board ID", "Board Name")
values
    (86, '1M8YKX T')
go


insert into Board
    ("Board ID", "Board Name")
values
    (26, 'GW2MV19V')
go


insert into Board
    ("Board ID", "Board Name")
values
    (46, 'TGL8P9IF')
go


insert into Board
    ("Board ID", "Board Name")
values
    (1, '6TITD4GJ')
go


insert into Board
    ("Board ID", "Board Name")
values
    (37, 'S11GRIIE')
go


insert into Board
    ("Board ID", "Board Name")
values
    (80, 'TCK6NFDL')
go


insert into Board
    ("Board ID", "Board Name")
values
    (85, '1Q SJ3H4')
go


insert into Board
    ("Board ID", "Board Name")
values
    (33, 'TE8GYY7D')
go


insert into Board
    ("Board ID", "Board Name")
values
    (88, 'BQIOY 3C')
go


insert into Board
    ("Board ID", "Board Name")
values
    (47, 'W3TQTH5O')
go


insert into Board
    ("Board ID", "Board Name")
values
    (64, 'GPXOI2MH')
go


insert into Board
    ("Board ID", "Board Name")
values
    (39, '2BUWSEG1')
go


insert into Post
    ("Post ID", "User ID", "Board ID", PostTitle, "Post time")
values
    (6, 20, 95, '3995 S060BWIDI CMDRJ', '2026-7-9 13:26:21')
go


insert into Post
    ("Post ID", "User ID", "Board ID", PostTitle, "Post time")
values
    (12, 13, 63, 'WGI6MR04YQ3MVDNWYWF8', '2036-3-15 17:33:53')
go


insert into Post
    ("Post ID", "User ID", "Board ID", PostTitle, "Post time")
values
    (75, 9, 56, '1NMESY2RP82SWND62NM9', '2016-6-23 9:58:45')
go


insert into Post
    ("Post ID", "User ID", "Board ID", PostTitle, "Post time")
values
    (55, 16, 16, '883LE4TGQLENE1AGWJ7N', '1999-4-26 3:46:1')
go


insert into Post
    ("Post ID", "User ID", "Board ID", PostTitle, "Post time")
values
    (17, 62, 80, '88UAK5EH7LA97DTBOJVP', '2046-12-2 21:14:57')
go


insert into Post
    ("Post ID", "User ID", "Board ID", PostTitle, "Post time")
values
    (99, 93, 68, 'QFN8GAOOPGRD76RTS7 O', '2028-4-17 14:6:24')
go


insert into Post
    ("Post ID", "User ID", "Board ID", PostTitle, "Post time")
values
    (57, 14, 0, '11O73KUH5BJKA62TG HG', '2031-2-18 15:16:23')
go


insert into Post
    ("Post ID", "User ID", "Board ID", PostTitle, "Post time")
values
    (34, 27, 68, 'JKPVKTJ9DWE1B2D4DE3 ', '2040-7-25 19:7:44')
go


insert into Post
    ("Post ID", "User ID", "Board ID", PostTitle, "Post time")
values
    (85, 54, 91, 'M 70J69IPTS0NJ1F5T1S', '2006-10-22 6:33:36')
go


insert into Post
    ("Post ID", "User ID", "Board ID", PostTitle, "Post time")
values
    (15, 2, 7, 'OK1ITH3H65XGOMR2WC4W', '2043-1-20 20:3:12')
go


insert into Post
    ("Post ID", "User ID", "Board ID", PostTitle, "Post time")
values
    (2, 0, 61, 'WNOW4BTN7OVNF5F497PU', '2019-5-3 10:56:15')
go


insert into Post
    ("Post ID", "User ID", "Board ID", PostTitle, "Post time")
values
    (20, 84, 3, '3BPIJ9SW8QK64G7LW18W', '1998-6-22 3:29:36')
go


insert into Post
    ("Post ID", "User ID", "Board ID", PostTitle, "Post time")
values
    (5, 96, 70, 'SHVR4YM34FALJWTCI1MF', '1995-2-3 2:11:49')
go


insert into Post
    ("Post ID", "User ID", "Board ID", PostTitle, "Post time")
values
    (82, 40, 54, 'KF9087JXPPCKK21IG0NT', '1998-11-14 3:36:33')
go


insert into Post
    ("Post ID", "User ID", "Board ID", PostTitle, "Post time")
values
    (39, 99, 26, 'H1E0RXX0U RTL0H2WRAR', '2015-2-1 9:22:6')
go


insert into Post
    ("Post ID", "User ID", "Board ID", PostTitle, "Post time")
values
    (11, 81, 28, 'MWIQNI4MPUEBYSRI 210', '2034-10-28 16:52:53')
go


insert into Post
    ("Post ID", "User ID", "Board ID", PostTitle, "Post time")
values
    (84, 5, 53, '8KQGSYF6DJ5PABO7C9SO', '1990-1-1 0:0:0')
go


insert into Post
    ("Post ID", "User ID", "Board ID", PostTitle, "Post time")
values
    (58, 93, 78, 'B3UEMYLV9GT Y KV6P1N', '1995-9-14 2:25:44')
go


insert into Post
    ("Post ID", "User ID", "Board ID", PostTitle, "Post time")
values
    (49, 2, 76, 'BCRJ537NQ7LJKMH3801G', '2004-9-20 5:51:30')
go


insert into Post
    ("Post ID", "User ID", "Board ID", PostTitle, "Post time")
values
    (28, 72, 1, 'EDK 85020XI1NL0SR966', '2050-11-5 22:50:4')
go


insert into Post
    ("Post ID", "User ID", "Board ID", PostTitle, "Post time")
values
    (62, 42, 25, ' K XKO3NYKJHSPMXC2C0', '1997-10-6 3:14:59')
go


insert into Post
    ("Post ID", "User ID", "Board ID", PostTitle, "Post time")
values
    (53, 18, 14, 'NMEUVRXIE28DHBLE7UI9', '2035-10-13 17:20:54')
go


insert into Post
    ("Post ID", "User ID", "Board ID", PostTitle, "Post time")
values
    (92, 33, 38, 'R3OLJVK8HAAI02R6F8XK', '2009-8-18 7:30:46')
go


insert into Post
    ("Post ID", "User ID", "Board ID", PostTitle, "Post time")
values
    (36, 73, 87, '433A3ULSUJYFUF94E4B8', '2010-8-23 7:56:38')
go


insert into Post
    ("Post ID", "User ID", "Board ID", PostTitle, "Post time")
values
    (68, 79, 50, ' 6DD1OB0GKTJEF5O3AWM', '2036-10-31 17:42:7')
go


insert into Post
    ("Post ID", "User ID", "Board ID", PostTitle, "Post time")
values
    (80, 40, 3, '5MLMEBQOT3WIQWUPMT3K', '2027-12-3 13:53:13')
go


insert into Post
    ("Post ID", "User ID", "Board ID", PostTitle, "Post time")
values
    (38, 78, 72, '09KOLLEC8EPP5331TSEM', '2003-9-17 5:16:12')
go


insert into Post
    ("Post ID", "User ID", "Board ID", PostTitle, "Post time")
values
    (14, 32, 89, 'S0VRIBF9HU9BINBRTPI3', '1992-4-30 0:56:15')
go


insert into Post
    ("Post ID", "User ID", "Board ID", PostTitle, "Post time")
values
    (93, 25, 66, '2YXJMI6AFODEMSRYDRXS', '2047-5-28 21:23:27')
go


insert into Post
    ("Post ID", "User ID", "Board ID", PostTitle, "Post time")
values
    (22, 79, 71, 'RVISGITV7B9BAMGUTMKW', '2038-11-16 18:23:57')
go


insert into Post
    ("Post ID", "User ID", "Board ID", PostTitle, "Post time")
values
    (50, 65, 35, 'MXLRFFEDCKWEBMC2K1MQ', '2021-1-29 11:13:41')
go


insert into Post
    ("Post ID", "User ID", "Board ID", PostTitle, "Post time")
values
    (29, 63, 27, 'S4JE3 TE28 Q URG5YNT', '2048-6-4 21:48:31')
go


insert into Post
    ("Post ID", "User ID", "Board ID", PostTitle, "Post time")
values
    (48, 20, 82, 'GHW W1XCDH5NXABY9VFF', '2011-11-4 8:30:24')
go


insert into Post
    ("Post ID", "User ID", "Board ID", PostTitle, "Post time")
values
    (7, 91, 93, 'FET2IIKRA8K40GY9N7ME', '2033-5-22 16:3:5')
go


insert into Post
    ("Post ID", "User ID", "Board ID", PostTitle, "Post time")
values
    (47, 11, 62, ' D2FOXE9T37HC2VFPY1D', '2001-11-6 4:42:33')
go


insert into Post
    ("Post ID", "User ID", "Board ID", PostTitle, "Post time")
values
    (60, 9, 44, ' P74T CONEDFPDKH3RVS', '2029-10-8 14:46:43')
go


insert into Post
    ("Post ID", "User ID", "Board ID", PostTitle, "Post time")
values
    (30, 51, 19, 'YMBOWP2V383XI89XTG J', '1993-4-18 1:32:0')
go


insert into Post
    ("Post ID", "User ID", "Board ID", PostTitle, "Post time")
values
    (91, 37, 45, 'ILBRX5PN1M7TXS0P02BE', '2032-6-1 15:36:50')
go


insert into Post
    ("Post ID", "User ID", "Board ID", PostTitle, "Post time")
values
    (73, 16, 15, 'YH15F8L4Q6XWX74IXRHK', '2018-4-10 10:34:27')
go


insert into Post
    ("Post ID", "User ID", "Board ID", PostTitle, "Post time")
values
    (9, 93, 21, 'LLFA68AHMIVF74F04BJV', '2038-3-22 18:13:5')
go


insert into Post
    ("Post ID", "User ID", "Board ID", PostTitle, "Post time")
values
    (45, 71, 10, 'JT817D5ATC1GU4I1WJ Y', '2008-11-12 7:17:45')
go


insert into Post
    ("Post ID", "User ID", "Board ID", PostTitle, "Post time")
values
    (54, 54, 7, 'FEF3UM67YP UHA71YNFE', '2006-1-11 6:12:19')
go


insert into Post
    ("Post ID", "User ID", "Board ID", PostTitle, "Post time")
values
    (72, 94, 92, '1MNNY95 82X8XRYS46T7', '2029-1-31 14:26:18')
go


insert into Post
    ("Post ID", "User ID", "Board ID", PostTitle, "Post time")
values
    (8, 19, 46, 'K1J4INAOJS9WJN7HX9JB', '2017-8-18 10:16:52')
go


insert into Post
    ("Post ID", "User ID", "Board ID", PostTitle, "Post time")
values
    (18, 85, 95, 'DY5MFB9N1SFKGULJKDU8', '2041-11-10 19:30:7')
go


insert into Post
    ("Post ID", "User ID", "Board ID", PostTitle, "Post time")
values
    (43, 73, 21, 'ORU5WQ0E C00 OWDPA9N', '2015-8-4 9:38:2')
go


insert into Post
    ("Post ID", "User ID", "Board ID", PostTitle, "Post time")
values
    (98, 50, 69, 'EYUQ2PUHJGK0QKSMB3S7', '2048-11-24 22:3:19')
go


insert into Post
    ("Post ID", "User ID", "Board ID", PostTitle, "Post time")
values
    (66, 73, 25, 'OVCHU9 QU7Q7HIDUW6O9', '2044-4-21 20:24:33')
go


insert into Post
    ("Post ID", "User ID", "Board ID", PostTitle, "Post time")
values
    (59, 11, 79, 'BT0I18U9Q R9BQTBHASY', '1991-5-7 0:31:5')
go


insert into Post
    ("Post ID", "User ID", "Board ID", PostTitle, "Post time")
values
    (31, 1, 3, 'IPDUHPJYXUXK SBFUAM0', '2021-8-18 11:21:0')
go


insert into Post
    ("Post ID", "User ID", "Board ID", PostTitle, "Post time")
values
    (41, 77, 16, 'VT9DRVCS58NYDEV3GP52', '1992-10-22 1:17:29')
go


insert into Post
    ("Post ID", "User ID", "Board ID", PostTitle, "Post time")
values
    (42, 38, 43, 'UX2MM83XTP9P15RTNRO6', '2042-6-15 19:44:34')
go


insert into Post
    ("Post ID", "User ID", "Board ID", PostTitle, "Post time")
values
    (88, 27, 14, '5OKR656OYJ6RI75B5PTY', '2047-9-25 21:31:47')
go


insert into Post
    ("Post ID", "User ID", "Board ID", PostTitle, "Post time")
values
    (3, 75, 66, '7J85XOLWKW1HOOVXG9IP', '2023-11-19 12:13:39')
go


insert into Post
    ("Post ID", "User ID", "Board ID", PostTitle, "Post time")
values
    (64, 73, 80, 'FH1COJ2AGGLWF YB43FQ', '2050-2-28 22:36:17')
go


insert into Post
    ("Post ID", "User ID", "Board ID", PostTitle, "Post time")
values
    (13, 24, 40, 'URSNH4I643723V2FEMEK', '2031-10-22 15:25:57')
go


insert into Post
    ("Post ID", "User ID", "Board ID", PostTitle, "Post time")
values
    (65, 36, 11, '1WK P5JEUA081TQD5J2L', '2041-5-1 19:19:44')
go


insert into Post
    ("Post ID", "User ID", "Board ID", PostTitle, "Post time")
values
    (23, 76, 72, '5E8NTA35KGALAS5OC0YL', '2022-3-24 11:36:52')
go


insert into Post
    ("Post ID", "User ID", "Board ID", PostTitle, "Post time")
values
    (24, 82, 60, 'YXPBEPEKVTDH9R9TT2VC', '2046-8-13 21:2:36')
go


insert into Post
    ("Post ID", "User ID", "Board ID", PostTitle, "Post time")
values
    (81, 86, 55, 'F0Q60T310CDOQHTR2P5B', '2013-6-15 8:52:1')
go


insert into Post
    ("Post ID", "User ID", "Board ID", PostTitle, "Post time")
values
    (21, 30, 77, 'LXT9H1 7IUKNTCE766IV', '2040-2-2 18:56:26')
go


insert into Post
    ("Post ID", "User ID", "Board ID", PostTitle, "Post time")
values
    (67, 86, 57, '9FUAWS66561UPCN2VAW ', '1990-9-13 0:15:36')
go


insert into Post
    ("Post ID", "User ID", "Board ID", PostTitle, "Post time")
values
    (63, 93, 55, 'RORCA1IBXKKLHNT9IAJU', '2033-11-23 16:13:7')
go


insert into Post
    ("Post ID", "User ID", "Board ID", PostTitle, "Post time")
values
    (0, 31, 65, '921S3SXV4AL94N0UH8QW', '1993-10-29 1:47:4')
go


insert into Post
    ("Post ID", "User ID", "Board ID", PostTitle, "Post time")
values
    (51, 15, 0, 'UB0DNHDQII U185FJT9O', '2000-12-27 4:24:26')
go


insert into Post
    ("Post ID", "User ID", "Board ID", PostTitle, "Post time")
values
    (27, 8, 82, '48038J6VPRS9MVG105YF', '1996-4-21 2:42:59')
go


insert into Post
    ("Post ID", "User ID", "Board ID", PostTitle, "Post time")
values
    (86, 93, 79, '8L3L1GR651LY Y8EV1KU', '2049-9-1 22:16:44')
go


insert into Post
    ("Post ID", "User ID", "Board ID", PostTitle, "Post time")
values
    (25, 61, 56, 'LXH RNGC7WDDTN3SEENE', '2002-8-4 4:50:6')
go


insert into Post
    ("Post ID", "User ID", "Board ID", PostTitle, "Post time")
values
    (40, 48, 37, 'YECI82RIMAH1WBIDR59W', '2032-12-14 15:53:42')
go


insert into Post
    ("Post ID", "User ID", "Board ID", PostTitle, "Post time")
values
    (16, 84, 68, 'JCF7KICFYW2KMEVBWVDS', '2037-6-30 17:56:2')
go


insert into Post
    ("Post ID", "User ID", "Board ID", PostTitle, "Post time")
values
    (32, 29, 76, 'SOI6GQPKNEF X95H78TV', '2000-7-27 4:14:56')
go


insert into Post
    ("Post ID", "User ID", "Board ID", PostTitle, "Post time")
values
    (76, 61, 95, '24A21B34KDL1VNE1KMKP', '2003-3-12 4:59:23')
go


insert into Post
    ("Post ID", "User ID", "Board ID", PostTitle, "Post time")
values
    (89, 98, 55, 'JL338IE03LFABB4FGCW4', '1997-2-8 3:0:21')
go


insert into Post
    ("Post ID", "User ID", "Board ID", PostTitle, "Post time")
values
    (61, 94, 55, 'VU20IWH8OF6EK5UPPUUO', '2043-10-18 20:10:42')
go


insert into Post
    ("Post ID", "User ID", "Board ID", PostTitle, "Post time")
values
    (1, 45, 47, 'J0FU7AGOBR 25B8WLFPT', '2024-6-2 12:33:5')
go


insert into Post
    ("Post ID", "User ID", "Board ID", PostTitle, "Post time")
values
    (83, 97, 58, 'IGSM5D0TBDVBYWH 0R8Q', '2030-7-8 15:6:1')
go


insert into Post
    ("Post ID", "User ID", "Board ID", PostTitle, "Post time")
values
    (35, 50, 76, 'NYOOJGB6QPJKB0J9 KMO', '2010-2-8 7:46:56')
go


insert into Post
    ("Post ID", "User ID", "Board ID", PostTitle, "Post time")
values
    (37, 14, 66, 'N1XNGL50B4URDEXOOM35', '2007-3-24 6:53:55')
go


insert into Post
    ("Post ID", "User ID", "Board ID", PostTitle, "Post time")
values
    (69, 0, 50, 'O S3MOCVOR7CDIM1WTML', '2034-3-14 16:32:54')
go


insert into Post
    ("Post ID", "User ID", "Board ID", PostTitle, "Post time")
values
    (71, 20, 28, 'XPJB6MEKYFQ70P57GTFV', '2013-12-25 9:2:3')
go


insert into Post
    ("Post ID", "User ID", "Board ID", PostTitle, "Post time")
values
    (33, 96, 24, 'H71WMTA7KS9WAFR2GABL', '1991-11-10 0:40:43')
go


insert into Post
    ("Post ID", "User ID", "Board ID", PostTitle, "Post time")
values
    (96, 11, 41, 'Y3B DDIKCHT59P3V  LB', '2014-9-22 9:12:26')
go


insert into Post
    ("Post ID", "User ID", "Board ID", PostTitle, "Post time")
values
    (44, 82, 31, 'AN BSL1NSJXUMQROGK0B', '2012-8-30 8:42:40')
go


insert into Post
    ("Post ID", "User ID", "Board ID", PostTitle, "Post time")
values
    (90, 51, 16, '0HXX6I2VU5RRS8VOCB72', '2017-3-6 10:6:41')
go


insert into Post
    ("Post ID", "User ID", "Board ID", PostTitle, "Post time")
values
    (79, 2, 55, 'UXYB 8XCJ3X11L1X4EQ3', '2045-10-20 20:48:8')
go


insert into Post
    ("Post ID", "User ID", "Board ID", PostTitle, "Post time")
values
    (78, 16, 90, 'N1UB1E2G3SQAEQ7I4W4I', '1994-6-12 2:1:0')
go


insert into Post
    ("Post ID", "User ID", "Board ID", PostTitle, "Post time")
values
    (87, 50, 69, 'HXW6A56T7SAO4GRKGONI', '2039-4-23 18:41:57')
go


insert into Post
    ("Post ID", "User ID", "Board ID", PostTitle, "Post time")
values
    (95, 34, 49, '5A5SEFW8I5JVE404H8JG', '2045-1-6 20:31:46')
go


insert into Post
    ("Post ID", "User ID", "Board ID", PostTitle, "Post time")
values
    (19, 69, 27, 'SF1OOPY23G 7KSL5FRFE', '2035-4-19 17:8:46')
go


insert into Post
    ("Post ID", "User ID", "Board ID", PostTitle, "Post time")
values
    (4, 54, 74, 'ETA5445WH2TJN9RXMGQV', '2018-10-28 10:43:35')
go


insert into Post
    ("Post ID", "User ID", "Board ID", PostTitle, "Post time")
values
    (74, 77, 59, 'J8A15QKYR92T785767Y8', '2005-6-20 6:0:7')
go


insert into Post
    ("Post ID", "User ID", "Board ID", PostTitle, "Post time")
values
    (97, 96, 25, 'TTM6FCGCVTNJCUTVHDCF', '2023-2-13 11:55:43')
go


insert into Post
    ("Post ID", "User ID", "Board ID", PostTitle, "Post time")
values
    (52, 65, 59, ' XO0803Q9EBCSW6RUIPI', '2026-1-5 13:5:23')
go


insert into Post
    ("Post ID", "User ID", "Board ID", PostTitle, "Post time")
values
    (10, 95, 85, 'Y6EQ87 7MLAV3PILKX5N', '2008-1-21 7:7:21')
go


insert into Post
    ("Post ID", "User ID", "Board ID", PostTitle, "Post time")
values
    (77, 28, 54, '9CCCRW3U261SJNAO0WLA', '2025-3-6 12:46:35')
go


insert into Post
    ("Post ID", "User ID", "Board ID", PostTitle, "Post time")
values
    (94, 86, 3, '2 PRQV SUT37LSIEQYFL', '2004-4-12 5:36:2')
go


insert into Post
    ("Post ID", "User ID", "Board ID", PostTitle, "Post time")
values
    (26, 27, 64, 'FX8HW2JLAO8NY72WTQRN', '2011-4-28 8:15:6')
go


insert into Post
    ("Post ID", "User ID", "Board ID", PostTitle, "Post time")
values
    (70, 32, 1, ' PG8E9I 2KNLXUUFQ9AX', '2020-3-26 11:3:50')
go


insert into Post
    ("Post ID", "User ID", "Board ID", PostTitle, "Post time")
values
    (56, 15, 40, '5PK8G8HSTI05U3E8JH93', '2000-1-23 4:4:56')
go


insert into Post
    ("Post ID", "User ID", "Board ID", PostTitle, "Post time")
values
    (46, 76, 32, 'EN83O148PYGYLGD7X K5', '2027-3-5 13:41:22')
go


insert into Comment
    ("User ID", "Post ID", "Coment ID", "Comment Time")
values
    (28, 71, 90, '2045-12-10 22:12:25')
go


insert into Comment
    ("User ID", "Post ID", "Coment ID", "Comment Time")
values
    (44, 14, 38, '2023-12-26 13:14:15')
go


insert into Comment
    ("User ID", "Post ID", "Coment ID", "Comment Time")
values
    (23, 10, 35, '2013-5-5 8:59:40')
go


insert into Comment
    ("User ID", "Post ID", "Coment ID", "Comment Time")
values
    (9, 44, 44, '1996-6-2 2:7:41')
go


insert into Comment
    ("User ID", "Post ID", "Coment ID", "Comment Time")
values
    (93, 70, 41, '1999-3-28 3:5:19')
go


insert into Comment
    ("User ID", "Post ID", "Coment ID", "Comment Time")
values
    (79, 82, 57, '2039-9-19 19:21:9')
go


insert into Comment
    ("User ID", "Post ID", "Coment ID", "Comment Time")
values
    (46, 24, 58, '2026-6-29 14:37:38')
go


insert into Comment
    ("User ID", "Post ID", "Coment ID", "Comment Time")
values
    (9, 66, 91, '2049-1-12 23:23:38')
go


insert into Comment
    ("User ID", "Post ID", "Coment ID", "Comment Time")
values
    (69, 84, 84, '2027-2-7 14:46:12')
go


insert into Comment
    ("User ID", "Post ID", "Coment ID", "Comment Time")
values
    (77, 5, 86, '1995-9-24 1:46:22')
go


insert into Comment
    ("User ID", "Post ID", "Coment ID", "Comment Time")
values
    (62, 20, 51, '2008-5-13 6:49:24')
go


insert into Comment
    ("User ID", "Post ID", "Coment ID", "Comment Time")
values
    (77, 40, 1, '1990-9-16 0:15:38')
go


insert into Comment
    ("User ID", "Post ID", "Coment ID", "Comment Time")
values
    (67, 73, 63, '2042-3-24 20:39:38')
go


insert into Comment
    ("User ID", "Post ID", "Coment ID", "Comment Time")
values
    (44, 69, 27, '2022-1-29 12:34:22')
go


insert into Comment
    ("User ID", "Post ID", "Coment ID", "Comment Time")
values
    (70, 96, 22, '2004-12-2 5:25:39')
go


insert into Comment
    ("User ID", "Post ID", "Coment ID", "Comment Time")
values
    (96, 0, 76, '1994-5-16 1:23:55')
go


insert into Comment
    ("User ID", "Post ID", "Coment ID", "Comment Time")
values
    (46, 83, 12, '2003-12-27 5:1:3')
go


insert into Comment
    ("User ID", "Post ID", "Coment ID", "Comment Time")
values
    (62, 26, 7, '2020-7-22 12:8:42')
go


insert into Comment
    ("User ID", "Post ID", "Coment ID", "Comment Time")
values
    (19, 40, 6, '2040-2-20 19:41:56')
go


insert into Comment
    ("User ID", "Post ID", "Coment ID", "Comment Time")
values
    (98, 84, 46, '1993-3-7 1:4:6')
go


insert into Comment
    ("User ID", "Post ID", "Coment ID", "Comment Time")
values
    (22, 56, 48, '2028-11-4 15:23:10')
go


insert into Comment
    ("User ID", "Post ID", "Coment ID", "Comment Time")
values
    (67, 90, 26, '2019-9-5 11:37:40')
go


insert into Comment
    ("User ID", "Post ID", "Coment ID", "Comment Time")
values
    (63, 14, 16, '2048-7-4 23:6:59')
go


insert into Comment
    ("User ID", "Post ID", "Coment ID", "Comment Time")
values
    (90, 29, 80, '2000-8-11 3:39:4')
go


insert into Comment
    ("User ID", "Post ID", "Coment ID", "Comment Time")
values
    (34, 18, 93, '1997-11-20 2:39:31')
go


insert into Comment
    ("User ID", "Post ID", "Coment ID", "Comment Time")
values
    (22, 2, 50, '1995-2-1 1:39:26')
go


insert into Comment
    ("User ID", "Post ID", "Coment ID", "Comment Time")
values
    (64, 58, 49, '2033-3-19 17:4:49')
go


insert into Comment
    ("User ID", "Post ID", "Coment ID", "Comment Time")
values
    (74, 86, 89, '2046-12-21 22:41:3')
go


insert into Comment
    ("User ID", "Post ID", "Coment ID", "Comment Time")
values
    (20, 39, 96, '1994-1-22 1:16:16')
go


insert into Comment
    ("User ID", "Post ID", "Coment ID", "Comment Time")
values
    (22, 54, 30, '2033-12-10 17:21:12')
go


insert into Comment
    ("User ID", "Post ID", "Coment ID", "Comment Time")
values
    (39, 42, 21, '2030-8-27 16:2:30')
go


insert into Comment
    ("User ID", "Post ID", "Coment ID", "Comment Time")
values
    (71, 63, 98, '2041-2-4 20:16:51')
go


insert into Comment
    ("User ID", "Post ID", "Coment ID", "Comment Time")
values
    (57, 96, 39, '2016-6-19 10:7:2')
go


insert into Comment
    ("User ID", "Post ID", "Coment ID", "Comment Time")
values
    (95, 4, 28, '2011-12-27 8:20:21')
go


insert into Comment
    ("User ID", "Post ID", "Coment ID", "Comment Time")
values
    (20, 29, 56, '2030-1-14 15:53:3')
go


insert into Comment
    ("User ID", "Post ID", "Coment ID", "Comment Time")
values
    (41, 88, 87, '2042-11-3 20:53:13')
go


insert into Comment
    ("User ID", "Post ID", "Coment ID", "Comment Time")
values
    (59, 64, 59, '2001-10-15 4:19:28')
go


insert into Comment
    ("User ID", "Post ID", "Coment ID", "Comment Time")
values
    (10, 29, 47, '2011-7-1 8:3:40')
go


insert into Comment
    ("User ID", "Post ID", "Coment ID", "Comment Time")
values
    (15, 2, 29, '2002-8-5 4:35:18')
go


insert into Comment
    ("User ID", "Post ID", "Coment ID", "Comment Time")
values
    (99, 70, 99, '2025-8-20 14:7:58')
go


insert into Comment
    ("User ID", "Post ID", "Coment ID", "Comment Time")
values
    (12, 13, 71, '2016-10-13 10:19:43')
go


insert into Comment
    ("User ID", "Post ID", "Coment ID", "Comment Time")
values
    (50, 79, 0, '2017-10-25 10:50:0')
go


insert into Comment
    ("User ID", "Post ID", "Coment ID", "Comment Time")
values
    (8, 78, 19, '2011-2-20 7:47:21')
go


insert into Comment
    ("User ID", "Post ID", "Coment ID", "Comment Time")
values
    (17, 84, 92, '2007-11-25 6:28:46')
go


insert into Comment
    ("User ID", "Post ID", "Coment ID", "Comment Time")
values
    (15, 95, 69, '2004-4-21 5:8:52')
go


insert into Comment
    ("User ID", "Post ID", "Coment ID", "Comment Time")
values
    (32, 70, 97, '1992-10-22 0:45:40')
go


insert into Comment
    ("User ID", "Post ID", "Coment ID", "Comment Time")
values
    (32, 5, 17, '2015-2-19 9:34:30')
go


insert into Comment
    ("User ID", "Post ID", "Coment ID", "Comment Time")
values
    (64, 41, 52, '2035-6-11 17:36:42')
go


insert into Comment
    ("User ID", "Post ID", "Coment ID", "Comment Time")
values
    (94, 47, 82, '2034-10-1 17:29:33')
go


insert into Comment
    ("User ID", "Post ID", "Coment ID", "Comment Time")
values
    (43, 56, 32, '2044-4-17 21:19:8')
go


insert into Comment
    ("User ID", "Post ID", "Coment ID", "Comment Time")
values
    (53, 32, 81, '2024-5-18 13:27:49')
go


insert into Comment
    ("User ID", "Post ID", "Coment ID", "Comment Time")
values
    (75, 31, 70, '2047-11-5 22:57:33')
go


insert into Comment
    ("User ID", "Post ID", "Coment ID", "Comment Time")
values
    (49, 63, 94, '2010-5-14 7:27:2')
go


insert into Comment
    ("User ID", "Post ID", "Coment ID", "Comment Time")
values
    (41, 22, 77, '1997-1-29 2:22:40')
go


insert into Comment
    ("User ID", "Post ID", "Coment ID", "Comment Time")
values
    (87, 17, 95, '2009-10-17 7:17:22')
go


insert into Comment
    ("User ID", "Post ID", "Coment ID", "Comment Time")
values
    (1, 99, 14, '2012-4-30 8:27:34')
go


insert into Comment
    ("User ID", "Post ID", "Coment ID", "Comment Time")
values
    (82, 63, 33, '2005-10-17 5:42:36')
go


insert into Comment
    ("User ID", "Post ID", "Coment ID", "Comment Time")
values
    (2, 73, 13, '2029-8-7 15:37:8')
go


insert into Comment
    ("User ID", "Post ID", "Coment ID", "Comment Time")
values
    (30, 49, 5, '2045-2-25 21:55:20')
go


insert into Comment
    ("User ID", "Post ID", "Coment ID", "Comment Time")
values
    (70, 0, 3, '2014-6-5 9:18:49')
go


insert into Comment
    ("User ID", "Post ID", "Coment ID", "Comment Time")
values
    (22, 3, 64, '2021-3-21 12:22:30')
go


insert into Comment
    ("User ID", "Post ID", "Coment ID", "Comment Time")
values
    (21, 83, 9, '2044-9-10 21:39:31')
go


insert into Comment
    ("User ID", "Post ID", "Coment ID", "Comment Time")
values
    (66, 72, 25, '2031-4-14 16:12:54')
go


insert into Comment
    ("User ID", "Post ID", "Coment ID", "Comment Time")
values
    (17, 22, 88, '1990-1-1 0:0:0')
go


insert into Comment
    ("User ID", "Post ID", "Coment ID", "Comment Time")
values
    (71, 8, 55, '2043-6-29 21:11:14')
go


insert into Comment
    ("User ID", "Post ID", "Coment ID", "Comment Time")
values
    (95, 93, 67, '2046-6-5 22:28:50')
go


insert into Comment
    ("User ID", "Post ID", "Coment ID", "Comment Time")
values
    (50, 98, 31, '2038-12-6 19:7:56')
go


insert into Comment
    ("User ID", "Post ID", "Coment ID", "Comment Time")
values
    (84, 36, 8, '2007-3-7 6:16:23')
go


insert into Comment
    ("User ID", "Post ID", "Coment ID", "Comment Time")
values
    (1, 2, 74, '2028-1-27 15:14:9')
go


insert into Comment
    ("User ID", "Post ID", "Coment ID", "Comment Time")
values
    (14, 20, 73, '2036-12-1 18:9:46')
go


insert into Comment
    ("User ID", "Post ID", "Coment ID", "Comment Time")
values
    (3, 13, 60, '2001-2-12 3:58:32')
go


insert into Comment
    ("User ID", "Post ID", "Coment ID", "Comment Time")
values
    (29, 83, 42, '2026-2-9 14:17:36')
go


insert into Comment
    ("User ID", "Post ID", "Coment ID", "Comment Time")
values
    (27, 10, 18, '2003-2-16 4:42:50')
go


insert into Comment
    ("User ID", "Post ID", "Coment ID", "Comment Time")
values
    (11, 88, 78, '2031-10-15 16:31:21')
go


insert into Comment
    ("User ID", "Post ID", "Coment ID", "Comment Time")
values
    (66, 51, 34, '2027-8-25 15:4:0')
go


insert into Comment
    ("User ID", "Post ID", "Coment ID", "Comment Time")
values
    (71, 64, 62, '2023-6-22 13:3:44')
go


insert into Comment
    ("User ID", "Post ID", "Coment ID", "Comment Time")
values
    (99, 14, 37, '2015-9-21 9:52:48')
go


insert into Comment
    ("User ID", "Post ID", "Coment ID", "Comment Time")
values
    (93, 92, 54, '2009-2-3 7:0:41')
go


insert into Comment
    ("User ID", "Post ID", "Coment ID", "Comment Time")
values
    (22, 44, 85, '2045-8-23 22:3:18')
go


insert into Comment
    ("User ID", "Post ID", "Coment ID", "Comment Time")
values
    (71, 30, 15, '1998-10-1 2:51:55')
go


insert into Comment
    ("User ID", "Post ID", "Coment ID", "Comment Time")
values
    (21, 53, 53, '2022-11-22 12:51:32')
go


insert into Comment
    ("User ID", "Post ID", "Coment ID", "Comment Time")
values
    (33, 31, 4, '2018-4-15 11:1:44')
go


insert into Comment
    ("User ID", "Post ID", "Coment ID", "Comment Time")
values
    (24, 83, 68, '1991-4-13 0:27:9')
go


insert into Comment
    ("User ID", "Post ID", "Coment ID", "Comment Time")
values
    (97, 41, 83, '2041-10-6 20:28:39')
go


insert into Comment
    ("User ID", "Post ID", "Coment ID", "Comment Time")
values
    (9, 40, 45, '2025-1-10 13:48:45')
go


insert into Comment
    ("User ID", "Post ID", "Coment ID", "Comment Time")
values
    (92, 55, 36, '2017-4-13 10:38:15')
go


insert into Comment
    ("User ID", "Post ID", "Coment ID", "Comment Time")
values
    (72, 66, 79, '2020-4-1 11:54:49')
go


insert into Comment
    ("User ID", "Post ID", "Coment ID", "Comment Time")
values
    (68, 83, 40, '2049-5-22 23:43:37')
go


insert into Comment
    ("User ID", "Post ID", "Coment ID", "Comment Time")
values
    (57, 35, 24, '2012-9-9 8:39:58')
go


insert into Comment
    ("User ID", "Post ID", "Coment ID", "Comment Time")
values
    (2, 88, 2, '2006-8-19 5:57:42')
go


insert into Comment
    ("User ID", "Post ID", "Coment ID", "Comment Time")
values
    (81, 64, 23, '2037-9-14 18:34:13')
go


insert into Comment
    ("User ID", "Post ID", "Coment ID", "Comment Time")
values
    (85, 4, 75, '2013-11-7 9:10:8')
go


insert into Comment
    ("User ID", "Post ID", "Coment ID", "Comment Time")
values
    (57, 83, 66, '2040-10-6 19:57:45')
go


insert into Comment
    ("User ID", "Post ID", "Coment ID", "Comment Time")
values
    (93, 65, 11, '2018-11-22 11:17:1')
go


insert into Comment
    ("User ID", "Post ID", "Coment ID", "Comment Time")
values
    (30, 55, 61, '1992-2-11 0:36:48')
go


insert into Comment
    ("User ID", "Post ID", "Coment ID", "Comment Time")
values
    (66, 50, 72, '2037-5-26 18:25:4')
go


insert into Comment
    ("User ID", "Post ID", "Coment ID", "Comment Time")
values
    (58, 75, 20, '2038-4-10 18:48:46')
go


insert into Comment
    ("User ID", "Post ID", "Coment ID", "Comment Time")
values
    (96, 90, 43, '1999-10-4 3:22:17')
go


insert into Comment
    ("User ID", "Post ID", "Coment ID", "Comment Time")
values
    (5, 14, 65, '2036-1-28 17:48:39')
go


insert into Comment
    ("User ID", "Post ID", "Coment ID", "Comment Time")
values
    (61, 35, 10, '2032-5-9 16:47:38')
go


insert into "Post Content"
    ("Post ID", "User ID", "Index", Content)
values
    (54, 56, 66, 'PQNBR2Y085N4VMR16UAG6QDMV9ITOA0WQQ0YD7YM7SYQKTXYV85WUQM4196NAHSO4TP52THRCWTP2HF1O UMWSYI2Y1KLO4OPN4KYYN6RB0X6UXIVY3P5SILCHL8UDMSD8L656O5JUFDRVO5LYYAQWPCWWS1AEVYO6RPLAO1LG4 OQI3LMBOELPFRAUYPNBIN0OCUQ0B9KEGIDSBBB1KUJ12YI149O PI1VXNBGK2YE3F69 UG4X AX1T9JFH09')
go


insert into "Post Content"
    ("Post ID", "User ID", "Index", Content)
values
    (89, 39, 24, '6DU5G8SDMP4 6YAO35VT2S430K95CSA1NTY9Y68K5K28AYM5U1E6WQA4G3NESM1X8K63SLX36LFQIBNXQTQWA544IC84WOD2YXVX3RQGBDKW5RS965POF7RV4M22X EBQ00XV94I7303UGMWV1E03QCY811YGILM026MA X4CVL622V3PGU3D0FWNLD3FPCXQ19SRDC5LTXP46IV2LS9B14AUKG0L9475742MEIY3Y7A W5N2HSRQPG802U9W R')
go


insert into "Post Content"
    ("Post ID", "User ID", "Index", Content)
values
    (0, 76, 73, 'N7X927OU9P297AU4RJM327FLFG3JLL013TBVYWBWJ6KFY3WVF5A75NVXT8DRSCFJVJMQ5BFG05VND GLYVHA 0V2XBBXB58M18V08XFL8IOCGE 7JYHFM1OF3420JAKGHV3R6RFYL553Y3CJVQUUJ0813WSP2PDHFDBMPUHOPHEOBWE63IIK5SY4YACABHR9R6OWO69 03 VBT8JDEA0JS2UABU3MU4S8CM1GD1OQGCVI7040CYPE8OBD9WBQAS')
go


insert into "Post Content"
    ("Post ID", "User ID", "Index", Content)
values
    (24, 79, 79, 'U1FKHUE9TBGDTVPM83695S5G2J CE9FLQ2YS8LCMLRMKJUA PWJTE55PBKCN4HCSEV5F6I36NGHRO3U2LFDG5KS72VNDJ 6L10EK5ODXS DLYW9HJ4PWN9LYOAE05O3CG H236F549135SDQK015YHR6L0VI4XQDVW151IWTBPD13GL5EQRXCQ1OEW8 IF2JS9S1MUWYTB1GPHITUS49M1IKNBSLC9BTO1PH N81 VKYOMCL7GYR0U016GUC8OK')
go


insert into "Post Content"
    ("Post ID", "User ID", "Index", Content)
values
    (5, 59, 60, 'R7EK P3B4QVPCDP53CC6ACQ A0YQCMJJCNX2ISF0T3G2THAWCLITNDN4XA4PF1V4FEGJ URWDMIXHY68SHV0MQ30O116PI04OF0PFQPOTCPEAANQE00DIVLEHSD10JUTBHQ2VG1A0AVMK44DJBE TJ65C90G2NC97NJKL4U7YOI0OUREMIL61U3NQOYB5BOEWUIS8LRQ20A51TU69XX9RXGS3 U3R2LYC2SO9MLHKRVGHL84AU588VKXWHRK45K')
go


insert into "Post Content"
    ("Post ID", "User ID", "Index", Content)
values
    (95, 0, 93, 'XFNFXSA1 BRHFJ889WG4NRQSR302B41GGEOYE WJP4JRTF6VK2GETQ0SY2KAP6AL7VJMR14LLI448VJMF3 1DHYYSJ1P3A1L9DXM1E3BTGAWMQ7H2GKU6UYOIQTOWOE4LRFK6YXGL6FVH3CPJQPLNJLP36IJ 12XEAXNDNJTUYABAGM5M78G28Y30HN67WEV9SEW  26WG27I44TK18L86Y3PSIWPCE0TM WA0M03WVT 4LFF9WBGGDES4VOF1K')
go


insert into "Post Content"
    ("Post ID", "User ID", "Index", Content)
values
    (31, 21, 52, ' DAGOS UMUQRE4WB51N35Q1E3W  CUEXG74H3RI GLNQNYMQMGBA535BS46LX0Y4XCQ6XIYX0BELK6R4NLUNLC Y6KX8GC1NMRDDQKPBLCDX38MJWYNSHSEMJ3WN6BP6MHMLNG1WJXJF7RXVM2JUB0CSGWMMFRTV97HLFAYVN9N1FKQEKKHL5W4US58E4MX8RP 261DU1B LANEJCO RS3EUMDI30N0BX0OS3SIYEQHIDJUUF5XPUW6OW02K4U ')
go


insert into "Post Content"
    ("Post ID", "User ID", "Index", Content)
values
    (40, 77, 68, 'JHE6H0R7C3367 3PV3JEWTC8 QJWGXWFQ YGA7PDLPK4W4LYUCNQ7H04JIEL7YGC9E1SNIHS33L8712O8I5R6FKGYHDT0TULGF0ACEWHVV8PF5QI5 XCBB XC1N3 C KK0NPXAT9KNCGD1SCI J7AII9GN7TUPEPTJHOE5FNN3VL RM4P0BDAVQKH2LFCF0L3YRFE5YR6CYGK2TQY3 JNK5BWEUDS3XEO46K130C8JNIR8HYI388FUAIWPFE760')
go


insert into "Post Content"
    ("Post ID", "User ID", "Index", Content)
values
    (32, 30, 84, 'G51YHYFSMU6E6DVYJR1UYBVK98 PBO5WGOGMXAOU Y 0XE 02X6QOFJD4BN CSSW7KVYYDS38TKCWC5R5CKHRSGJTLHMHO5QRK5DPHAWVXUTFSDQ83MTRGBDXLPU8VSFRMX18PVCXHX25F5AV TSH6KJSPXVAR7LG2291L9PM1UCA3NE1D0QPOER79 3VR6EKF2MVWA3X2P MTEIBDUI4I2OFV0Y23M7FJBWW5M4 3 9P3OFO1PTYVC1BXTTO7B')
go


insert into "Post Content"
    ("Post ID", "User ID", "Index", Content)
values
    (19, 27, 75, 'R33KAL5T29ECYKC8B6WA2MVYE78RKIESAVFD5EH0TKK3LXGBP16CDSUPIMH8L1TN8G1H93WPOOUD2U8CNWFNXDSFAIKL6OH3ANOSCAQRNT8E9UTAKGG8RHQ0EWE0HEOC1MWF9JOFHB29 H82XEQ11O34AYF3JD021O9NPHX37F5ISP3HD8Y801 YFNP3B C2637S5U9753 YT3GAIT1XNVO8AB2XIA7SSF5CWGAVE55VX3SRCEEJS CG2KDJK32')
go


insert into "Post Content"
    ("Post ID", "User ID", "Index", Content)
values
    (64, 24, 1, 'RKUNKJ9O9ULDBKA31XV1O8P6SGVO3JO3D6EOUCPB E24C2030YBYPOCUH D7QHXLV8UK 0LV274YGXL9 DSSKVLCDK8 FP5SKN0B93OMOH58AARARNJB2 WI8CXOLLJ9AVEVNVBER8PKY7FKE6YI8EPQ1LBMTU5C14KLQDG4RWPRTV49Y YSYB2SIAYI BN9CGDK5M2 5SYRK0K35L8NSI3N6HWKNCQE5VD5DK8MUOKVARW3OMM3943 R396D7I')
go


insert into "Post Content"
    ("Post ID", "User ID", "Index", Content)
values
    (2, 62, 56, 'Y162IRQF8MQHA2R4 SY4KCS5MMNJTBRHKCQHS3 Q3D6CU2J8X6DB6M4P9MH70X RWLIMQWEOCKMXUFB4QIWLTJTF1GG HUL67YW7C969IUIQH J6PRQUSBAOWGIGIRG59KCGK4E8QM5W0LIRA1F82FJE94YO8XBNX56OEB6ASV90 5MS1DP6GXVJ70KX4AX8GR9ORD7WD3V837BMQVSAGF13XY7H9Y4Q4L7W0XC79YCEMMN5F7SDM3SRRKL2ONI')
go


insert into "Post Content"
    ("Post ID", "User ID", "Index", Content)
values
    (27, 13, 42, '978BO8NS 3IKDQIOVEYIS64OK89FHWPGUDRWOO2SRRRWPWVTHVWY487BH3CNPBK3VY1B1F9DYWOWJUIEIE2 SKJXSS3GA7FHCKNAJUX ITEGNC0SVDHNMSHQB8EX90VDAXBGJJ4ERRRF68JLI12NL11X OVCQWFNSRVLCBYUTO4FN8RKQMWPCACSWJ7RUTBOBT4CA0NQ5ABPPMX9I08OICC1FO86FN 3GV 6VJAEYVI2K8VXFAGNO7P80F7BV96')
go


insert into "Post Content"
    ("Post ID", "User ID", "Index", Content)
values
    (81, 69, 29, 'FSYXS43AH4MJ917FA1HKLP9 USDGLDXQXX4BAYIF7FJ7T5GNFMM8TOFDSOQ5NRAKHPUHAWYD7U99Y 1FYT70XCXF0F57IE0HG9NIAFCC6T5OV5LIHVA1KC68JQJYRT6TEW48G41HRANR0QFFVUF6RQ53I14SB78ELOS1TNIVYA DIQ0QF6HO7KXCKHCQL0M94 QPGFS77GPK9BGHJN20LBI8ISBJGP1MUKTMGH2CBV79QSSFR8P W9NPFTCN165')
go


insert into "Post Content"
    ("Post ID", "User ID", "Index", Content)
values
    (96, 19, 57, '0Q5TN3JG9R1JHXRLFJ720N4JL57 MATA9DB9PHXVODNO88 OHL8H3O9H85LS93BLNC0FEIEYP7OH6OLBW5VTEXA39R5U9W01890EQFBSQVA 0ED9QV3W5T8120WX4HDYB4RPOH43IDYC X17C 974KBBW1HIVWGSCL253EFM6YPOK82KPQJMP4DX7RP4UDRJ8TEVHTFAWHK0GFJHRDTD9VK8NA4QGG04P2 6MTHAJQGUHOOSIFTWE58E NTBKS8')
go


insert into "Post Content"
    ("Post ID", "User ID", "Index", Content)
values
    (53, 71, 28, 'U9XG6 VSS9FPARVW9RSGG0NVQGRIBP7K8H8KOCNV1L4E831I3CTD9PD3ORYJ1FRRQILV888XNV2UQD6QE9H7CG0TUM7NC82TCRYW4X9HHJ3SUV4TUI4EGHOSMT7Q9PSCGPLABX5S08UJG9PXR853CM3I6IANLA3WP1KKD5UOB68O52QDWK IO4OLAG7U1CVAJPH9J6M93LA2KWBVYQS41EO3H5STQYCHJUQI9P1FVS6GBSW5Y1SC6 I7F7KFEIO')
go


insert into "Post Content"
    ("Post ID", "User ID", "Index", Content)
values
    (73, 57, 95, '54PUUSKR F59SD1761LMA5P49HNA273BIR9WP 46AQIUEK4TON 8BW9TAO6416KY1CLNRSWU PO249JYMA1G63T3OT0P3IE68HTYSN3421BDAVAWARPGG4JSAA ETCG037TMMD58MBXB9WFNO0F9 2CIOLWT9PSHSH9VVS6EFMTRD7 OIPHLTILTIBXP0JI6EHW3R48LYQGG21RWMFHFW17CWFQA7KCVGIGHICU9GF156AFJKY84J Y6S9UB31Y')
go


insert into "Post Content"
    ("Post ID", "User ID", "Index", Content)
values
    (81, 0, 47, 'LKJOD6HVSI1BW6MR03I9G441285XFC1KLLQC6Y TYVNNCB YQAN9BLLWN T7PS4SC6HEWFM604H6932SI3W4XHFAK4HLUM4E4YVWI5JE299K5MIPT 2O0LB8HX2LAOWAXRGIA JAIJ7DD381U0DHVBXE 6VALLMWPVV0MBT3L WG44A53DAFTK6R429Y0B6RF94RWUXJPRH01991MVTY1X 7YP91WWWI0P0R8XTJC9VQ5CQ5WFF1CWI9HTQ02H2')
go


insert into "Post Content"
    ("Post ID", "User ID", "Index", Content)
values
    (61, 16, 30, '6IBHWTWIE4R48AGARCBYPOR9KE63V7VT3D8RDQHASU39VJ1F1812 VEB6U1NOCOJSIA2UQ291L1O6AYL9KXEG7O6ETWBX8RJRB0BA7CT94B6C 5T67XXC28MHYYV 15C J21ELOX0M7GLO3DFEGDHTP 81M3HJMEB J9XH1KUUPB5D01 D1K0USV4E3GNIF1MJO2 TUQ48NU72YBP0FF4VFM2KH1R6VP306S5WP6XC8CMCQ03PTO6V56CS264LD')
go


insert into "Post Content"
    ("Post ID", "User ID", "Index", Content)
values
    (47, 8, 54, 'SERLJ6E5Y 1B9NQI2YSC26Q1BAB3L21DF4FXG X8VYYQ9KGMJ EPSSMROWLXAGPO7E09RQEC0KJR7UVSIOGSCH891YU 0XG3JC7X6X896U85419E70R6BDH5C3LD9H84EEHQSNTQTO48Y5NDMFKJRP2V69U5CJNBCPTBY4FS8LV6NXPSW1DN94M6G2GPB1MHI1B1EFKX9SHFKIJ5TTHFUX34EKOAF7DIL17S39LQ9715XW8GJKP3X45IAMBYH6 ')
go


insert into "Post Content"
    ("Post ID", "User ID", "Index", Content)
values
    (70, 30, 41, '8KRORLTIIQDWWUYM8W5TE1XTSHVG67W4Y0 K6QNKH8OLA2A9G87E7991MKE4RVDTUMYMDXWGVD3HGWMF GJFCY2H GF2Y41QNGWNKE F94GL P7SPSAPFVKXMGHQHR7N47HKAXI3OXGS T45SKUBHC4BKC9SPDV8TQJE1O5RIIB76GC9F6OLSAWGN2L0ABS2PVT71HCR34OLNKFVQUVF2PDNG14 1L5NFHANLLHOFJ5IKGNRGX23K07QCHYAG1B')
go


insert into "Post Content"
    ("Post ID", "User ID", "Index", Content)
values
    (27, 83, 5, '8BT2FLRD20F0VHE6CU4DCNMGEQ1USK1VKJ1V410M927T21XWOYDQSV IIQT7 9RHNQ49477YQDUCYBF85W5CEAVIBJK 6BVK T6UPUE7IO4BG26HNSPXQNYVUJLKM42SUU1S2T0O 0HJIMIJXYKGB7WUY4 5TRAUR1P91WNSHLWRT1CKANK361NPPWNP9QWNYNHVUT0JJFEXKML5YLE2ACSVX2JGNNB811MJEALIW1F1YTOYI WK6E TMYOE333')
go


insert into "Post Content"
    ("Post ID", "User ID", "Index", Content)
values
    (14, 67, 34, '4KLT5EYN05 JA960N457OWY8O01XIOT50YGBQ1O7CL QAPNYF9VV6WWWPFTRJXPQE4UMGX160CVFWL38JBESCCM79ILF8RK8ONYE37R212E0QHRT XOMRQ17YE0LRSQ5T4B89TKB3TR5FVLIH9FTER83PBXTQ7UB5L4U4JQGFKILEQTCOV405R8GG48P5KR3 MJ XSX6J Q25I7UU13HRGTV64DY8VBPFOSSLIMGTE9FWNSDI3YJ6AGT22O6X53')
go


insert into "Post Content"
    ("Post ID", "User ID", "Index", Content)
values
    (59, 44, 33, 'TA7C7BW99W 458GBSLAGARUTOSBESJYC1 IEQRMVIRSHCM3E7TB42ND3GSDRAU92WE8NE RN61TGI5ODCN44FSEP3PMMJ8GY2CYTP8HKLBXLK  N 6I5PX49LL0MVKBB FEEX602AXW3U O 2EGW8M61OY8S96IRDJY9W2LGC5LLNVTVS443ME2N7E28MA2NXNC7 QMBTRJBE28KWWS7FC 4009LV4A6FGDTR2KY1Y7NJNE0YM4C86EFDI3IQMO')
go


insert into "Post Content"
    ("Post ID", "User ID", "Index", Content)
values
    (12, 70, 58, 'D2BPWQP2WSPDFAIHGJJ5FO7DQH8G4XS16OF87SHXBRA3GYPH92PC4LS3SKSF8FXN3ISJEK74KAMMRWL4BF476NXNMF3HLFQLECMXFBF3 YRJ6 4L5NY3PBD1NIA45 ASVY62EJ5K1LHIVJLEOQL4KWQEE7 65WOGTTD381RBOC4NAMEB1HIMQE0SCMIF7VSF6UL7KSU62W2FT55VKPC4LQNRF8V0W61EM7WBPSKVPG1DPW6D15GH9PG985LJCKG')
go


insert into "Post Content"
    ("Post ID", "User ID", "Index", Content)
values
    (0, 45, 36, '45WFAHXBG1R02AX9WDE0K5EN4JC29PR 16SIAV1RYO52EAFEXR82SQADE3KQO2FYD1JU2V1IAH1XVG4CAW3SRMJLM1TAVI97CANNJ4JQT8XS N7IW6A8FK21CRGJJBHNR PDQWDOY 3DW98E9YKVYE0MAOAAVSLFA35T04JD0INS1E9ONCHTSEE5FH9KLQQGQ7FO3TGSFE4TT  J5E6WN60DU2FNI5DG6N BN75R LJ1RSO0DJGCACIYJYYQG C')
go


insert into "Post Content"
    ("Post ID", "User ID", "Index", Content)
values
    (96, 66, 39, 'SRAWADRR9J0S849PLLTV1EPQAFARH19I2MBYULYLNB ST3 KLPH8V4Q95 XYAW8QJAY72LBROWAEQIOFDBHFYF60 KHGEMEW1G472NBNPV0YJJJT4F AE318E2AQGTJBDUU38ARNYA8NSV  4FGGG49G8W05431NB7OME6EDHC5VKQ419KYCHIONA9HOO70VJKX1Y4JKHCEDTDIJH25TTB2 0BHOST4G8BO67 8FMV0013WMK8DM1UK 9LQVVKB')
go


insert into "Post Content"
    ("Post ID", "User ID", "Index", Content)
values
    (96, 83, 88, 'T51EDLYJI72BMA2688VTY602G OHH 5L9XM5MQT4E9A 9XWAX3L1R2RR1X1XNWCK1AYHSYGONW8S3ELXU3472 6J6M6EQRL E6BFR6A9I4347GV9VTDH7DWGSOTHB0D1Y7KFO99 VDJNJA7UM7 BFP0C0LPF0LFXWPPOMRQU8B1 6513S2YKYORCEAWU7HDRRTSSTQBCLKPN9N6R23YUXJB6V2SP91YDMSFM5 Y44EXKX RJF2820UA4L10VAP8')
go


insert into "Post Content"
    ("Post ID", "User ID", "Index", Content)
values
    (42, 29, 40, '5RDMA6NENS10QLLGC5780MOFCR3UT2UX7YGIJ4JKR577BQ1F44E2I54YFUGF6EPLF QIWFTIGU94EFS7G35UN4WKX333PNC7NLI1PJ0GKWMQGSFI7JXYIQMM WEXE32L4O45YKHODDEDC267P19DIKB0 C3TWUWRI6BFAY7VF19440I0R1N38VCQKINX9GJ6HFQ8DASX3UFCXFXCDN4 7PY5RF66EUP3JXP9WGFLTMU3UR54OR0SSK19PQNSGEM')
go


insert into "Post Content"
    ("Post ID", "User ID", "Index", Content)
values
    (37, 83, 82, '1C8X725 1DX4QYFXNUXW063IPQ7AN7U05X2WLYWYYK2 1JXRP8 1U5ESM W1U6WRCB SI6EPABOEU5YNI4DRGST3R13EUJ8GJ0BE3AOJ97DB2G02X6F6CUV37QUVV7U9HFO59HTOI722LDFMKK0T4Q6FNXV 71V UB5UUYBBLIBPP6VNAW331IJRCUFVVJPS5W9T1079BUCSO37U21W5GW M3G608TYXGTNDO8M GDF01863BTA6OSWSKFQAB39')
go


insert into "Post Content"
    ("Post ID", "User ID", "Index", Content)
values
    (77, 9, 46, 'TMA1UU9Y72KW32V4 KI730QLQW35XACN4F5LDHJW6V3AQ6JYGB80W HFNCG9S9VSXOGUSFO7IEJHPCFV4D7GN64 MGVT2 MRRT5CLXSO36P73VHFWJQKI5 WRYOP X8AY9Q2E5C2UOXQIN8HYHBYQ1AVD9 2 4158E8UF G6JU3DVTOJEXP QP41QX3I33U64XML0B56Q JVPVEXFST3CLPRS1188QR6HNJDGSFO7QAJQGOQAOTWK1 QRMG9UY5')
go


insert into "Post Content"
    ("Post ID", "User ID", "Index", Content)
values
    (84, 16, 59, 'TDDSAVMJ2XPPFMGD2CUD1L5S9069CYQDLKCAP95NQICN5OWC0EVJEYD098PDG65TSG4RU5PQK21QHIQ29V3G5WF34WYO30CQ9ML462O17A B9VEC4  GPJY9BK3XK1085CU7JJLYU6CQBRY9KW2XY4NOC4KGT8UQJJAUQVB0G0GE5G61P05P0GADCI3SJ1BX4U34SOT30R N43SKQPUR1LYJ3IY7RH2DSHNS4NHSDC35KY7C1SJGD9DF 3BMQ2E')
go


insert into "Post Content"
    ("Post ID", "User ID", "Index", Content)
values
    (63, 70, 3, ' CUCLQDUVB3MJRR3CE301289JDRPT64N4LXP9D2TWXF747G24P2LJVK0WFNRIFADFU3YX0UVDA9YKRVG8BIIXD2WON8C9B C333MLGG0AW3RCX5FPHQ8UMPV7HUS3J1V8MI1KSG6UJ1DBC22 UEC6CK6EP LLE9BW23XF3UU61U38L4PD 7XIGGBOIW 9Y X9YH5ST5COD693EL8SUEQFLAERO4RCWC8M8GKOF TE1OC10N08OM0CBBJFDE2M K')
go


insert into "Post Content"
    ("Post ID", "User ID", "Index", Content)
values
    (3, 11, 87, 'B4RSB5LOSWFLKKP657YY9CFM1QWIH41J7JMYN7GTS1TBVL190UA4FBCMX BDMVY0Y9E8GELVHI T2TLEUAF3DO1GA3U0JCYXDWJSE9QESSOA5UO0J0P1 HW4HK3WY8LI1DIMP9Q7EWBY41N O6P16E2WQC2PGSKXFMVMCE0YOQGMT8RC7D3RMW55EC4IR7HT8KP221WOJAU 5PT5C29YYXJXEC7NJH85VG5M3J307ULKJV NLLYVGYRYMGL0RS ')
go


insert into "Post Content"
    ("Post ID", "User ID", "Index", Content)
values
    (71, 95, 0, 'K7 65GV5B32TY645R O11QJXS24N4B8U045NC3A47L2L9FL2 7LTLEJ9UHJI7 JOGPMHXXL2DOPEY6W1B6T74VFC2JVR2YIUG3HKPMFOF6WILLP96QVHVEC5489WTSVFNQGC60B D6SAICSVV6TML4MB5RO2FPP9SKTQQQE6TVIXDLPXU4CCSB5E714V26PW6OJD31LRBONVIPGQVM6CCS0VJM9UDD0XAFDFUYXLTW702A1UR5XP9ILP46IIITY')
go


insert into "Post Content"
    ("Post ID", "User ID", "Index", Content)
values
    (28, 66, 50, '7B0H3EPN871 9E2N LM78E42UDFLW9N5SHC1LQATWXRH7VT4DFJYK31X9F679PFQH0937X3CBLY6W26TY5D C661YJ7WSSGT273OSWV353DW3YNJMJ7597FX6X7WUBONP0PENN90BKT08QNB3KL4LOP4W6Y N8CPUT4S 64NT0CF566O866O52DC53RBHMH  JF7S60PQKGJ8INM66YA4 KG7XFNVOV6YK0G5EWT2LYD1 T7CXW4C55YJ1J4ORJ')
go


insert into "Post Content"
    ("Post ID", "User ID", "Index", Content)
values
    (63, 15, 2, 'WUE6BP8CKHNLAYQ7KB80S2G7V2DX3J5O05GR35CSN40 6OW1MPE03KNTGFWSC3JU2LHWWWM42TE7T4BF1U2DJIRJI8EWB85RSKRP3YELW59SP7IUUWW9VQQ8LF9AW6VYERQH0G L0BTBOQP2VJHESTE5HATTAT22FWPDGPNLUYNX9T0SJESJLIH57OBHO7TVS6AFB0094X NVSEHPWKJW YH36 AL6EG2X0OCK335W3QGIFI LS4YF01FJCPU0Q')
go


insert into "Post Content"
    ("Post ID", "User ID", "Index", Content)
values
    (64, 80, 72, 'CMKOLDPQOR 9JL0W8YN5BPYR22Y2VR0 L1RVTKIBTFSB LS8HA32V896GF3MHJ5SWQJ9YIGG0XVK8C BX7W5WAW NKQ6BOKEDGJWP7XCANHR3ER6Y0KJX4UN441K7K6X0A631CX7KHIUKXQDWDMTOETNE3A6ODB93620 UH0O0QXVDCA2V8R1I7K4HD3ILTWOR9QI3DONETA49E259F4OK6VWLAW42Q1 V7L6XRWX2QA1BO0L625LERITFJUDLO')
go


insert into "Post Content"
    ("Post ID", "User ID", "Index", Content)
values
    (62, 78, 37, '72QUY TUNA2D3EW6VD7JQEU6UAUKK46R3DB4QW9XNA758GBDJXMEHNNTQIONH2 A8VS6J2X6H8 M4NJQLT3LPK8D36WYKKK4HOU6ME9AIPUUMKB423YCPS WPPFT9O5M29YXAOSMUNBFO0 GVDLUUNFGE1XM843HK1U82AW2IY277 LF28G4E4O0VEV EC3D9FWCJE HUUND2ALRF RS40IDQ4K VMFUT3HOI2GXY99ICBVMM4XTXYNINI9VUW9')
go


insert into "Post Content"
    ("Post ID", "User ID", "Index", Content)
values
    (86, 51, 27, 'LUOIBWG1K6B LP6THURY1CY4OLH86Q9HSF66T 0Y6B5H176HU2C11J7XDGXAK70GLKU8FJHPMW3XK9F1QKXGHH6IVHFIVEJGICA52PXNCH62L9WQW32XHJ7XMY1DONCH2Y9HM19VL6UIHUPU7YPO981SN4AD5T7FWS175CHJUTN127R1016UERG6GEHMOH7KFCSDGN2SIAPR4 6E192GEPPEPPJM0WXYJGLC1PA3Y0K91LD5BIRE8CP7S TKS75')
go


insert into "Post Content"
    ("Post ID", "User ID", "Index", Content)
values
    (36, 87, 16, 'W5NNU8QAE1XW 3YN3WT30G9ULSNPXWAFMOE114A JOUUCSFSB17L245CQND8XW18WUOM9EYK9M4JWU9NVD0BGJ81UVINNFBGDTXSC2LNTUA33LHQCN6BVW9DE13BAR5BTOOD CUKVT9VTFT2BGQIHU6AB4PC6W88TS06HCU0AEUN0QDMIJHHN8UR0YWXFKKBCVWOE00JF1XMO4QRKO1FOCNGUH8IE9O3WWP5YNGLY YC673WFQJXHX03YFBNEB6')
go


insert into "Post Content"
    ("Post ID", "User ID", "Index", Content)
values
    (54, 18, 78, 'NVWRT9LX9D9HXE WXDFLKX1AGW9X6KOQ  YM5FH6RJMX UPFFWR86Y MFP4F1X3822GUVGAACR Q5G5X6WUNQF H7GPWIKUJQPB89 BGX2VHHBQOV5LPYYMQ7WM28NB YF10VH98W79SEGSBOK6 LR 5XM3CT2APDA7KU5G8TMKT6FMHDD3UR12GN2W2 TCRLSC 26YGF0LB1IGURT 06VPQXCF 5UMDETOE66BOPJ2U8RG3Y O2T8GR2OB0BI8')
go


insert into "Post Content"
    ("Post ID", "User ID", "Index", Content)
values
    (91, 52, 90, 'N123S31WYFBX4A16EU9S M77FGH8R2XB57MFODWB8PGHDET56704RGX1BF 7CVKU1VRR UYY7UMCVO872E2VR5LPIJYX78RO5X6BNFRFYH 4YQS1PTG0UXT45S85BC24GONHB5C0 HLP1YF1YJQ1JWYHB6GXHTS10JDW67VF5DBUNYY2 UK7WHTG7OU11IVFUFCOA5UP2HEBUS764W19XXTTXGF1UJORJLNLTPLQO880STU2O54QJF2PXAWRNSM')
go


insert into "Post Content"
    ("Post ID", "User ID", "Index", Content)
values
    (24, 58, 18, 'T8NU51F74B7P2HICAO6P0 3A9V39HXRRU76YF18ULVM 0GD610AH0TNHE9LHE78GYG4ALPJFV M5WX7V5CO6DUPD2YRWWE00KL0SAYKOV 4LOGD9X5JCVRGAY1C1T2RMRGXB4YIKRHUOUU8SS308LJIOJCCTUPUHL88BSN0DQ6Q1L7LIQU4285MTU59NYUM81SJQRN1PHKEMS5OBSFXOEGOLQKG8RPDP6UD6EJCGII6S9DQ8ORKQXTE5LYT33YC')
go


insert into "Post Content"
    ("Post ID", "User ID", "Index", Content)
values
    (67, 68, 74, '7ER8EWTGUIPETORSQ9S1D89KMG64RR1R2VF5W7UH6532YAKPVI9E06SHHAX6P54VL5PMWKE52G6WK8POB8B5H90WK84162 G01933L7YWQII20CMCEOYD5U83UWWMA3UJ3KA9945UTMQ5IVDTLL1GGPO68LAXTRVEKKLVQY678C9Y09PDAMG0QF90HLE TOUI4P9VFNC0GQGEF11UX89JUM2F1HSL6YLMYLD9JE6RKD0P6PYWWR9OC45435 J0X')
go


insert into "Post Content"
    ("Post ID", "User ID", "Index", Content)
values
    (87, 93, 12, '08CHIBAQ7I89VTB3C1HT7S8WC AYYHX9OCCG5 MACBCWYHK39M54A63F638615Y9F4K71TB95FT8HKC550MPUE4LES7CPP85DYVJ1DEJWMW 165KW7UUBTN88TFKSRS0CYAP46FJVYLTO2F4D WQ3O DNLCJ9J0Q958FFR8GP NOJBLD36KCSUW17P16GLA5F9AYCH38GTNJP T02ADE19XCCI1RCH5TULNEK5DJ6B0R77FJ73IQ47AHURPHS6J')
go


insert into "Post Content"
    ("Post ID", "User ID", "Index", Content)
values
    (24, 90, 62, '67Q1EYWE5MC5J3RQ62WB1F52LXM28IKFM2DJ0ON0WX3VWCMII87M9HL2Y4Y4NXOWYQSWDK4H45XJPSU5CE096IGGPT5HI6KH27CHUP10J BSE9UKP0K6IQW86N3DDU3QLCV96VAAJSPV2TXLF6XKIV8D51V8BL5R64  NQ8H1NCXFR5KI DGKW1O6QJ H4UF86RPQFPIOKXQJTV N5NXWCJQJG8G07YAGP0A6LLP0ON5G32T55I5O 5ACOTC32X')
go


insert into "Post Content"
    ("Post ID", "User ID", "Index", Content)
values
    (51, 9, 94, 'H0WRW0CQG2SXNLA3R3K88XSNT750C940O1SJGT0J0S31J14ETK1VR4FGVF8FWMU4XXNXYS13AS12U 83WE241GRIXFF4Y3 5O1RDQIYIN E9502VNYROROCBB6UBUAH 0SH9NI9C3I8TTC52MPKGR5V2WYAU6GPETLCG50H95LU X380269M4KV4XEHAV8EITA ONFSIT4IGU7F8E8UW83DVI5 06OYUQVOOFFX7XWSEOSRBOP289LTKV CTT7F')
go


insert into "Post Content"
    ("Post ID", "User ID", "Index", Content)
values
    (93, 95, 70, '5KK9VWT7KBEXV43CEAWR4J4JLA3CTGPO02EX4KK25PDCQHYHESMK K0A1J1M4HYJF3PS8 LPQFPK2S8RTKTMQBKDNCVDXCHBDTEGW7HUAMN1LS5UM AJGJ0XQB67VTAC6LPAB5J1HSAMBX1YY0R6C7SHIBXVENKF4Y94OYXLGLAX6ES EXTJRNW77QK38NCJ H6JS1KCYSWS873IOXEHBEU783B2L504DCH04ELFTYO41UI WW50BLK62PU799C')
go


insert into "Post Content"
    ("Post ID", "User ID", "Index", Content)
values
    (64, 46, 89, 'KF7GR0NCM4II2JJR D8J4RAB321WYQH2OI92FDOHP19JM AF DT2C118VIXG3KOJ9X0W5VOXR4RPS H2N0O V0SV69AXXF6EUP33QG35D01CTCBDA9QOJR3CC54YCPU9XW5FL4SQW595FB19EJPX11IWTKON2DBUN0XYGFN211CQOEN5SMTLU964ENKJLH3FUDVRMQ ST3LKO6G539RKKWOVV9YB6DM5N H728LYDTIF75DWQ3 X9FBL24YK OU')
go


insert into "Post Content"
    ("Post ID", "User ID", "Index", Content)
values
    (96, 11, 4, '3C9TP5E9K200RKBWPOT96IT48B 58I6AV U2G DAEIY1D74A360YREQLT U9W1PGT3NE18G54 HK26T9PKV9VA5B8343L3FWU J0MDJIL JDI4DTL6PAWW62 4HB4XF 40SI7QX19VT0LNYX9SPB L0O 4DX8P334TQLW72E5Y8U68G5TS 8TNTIJR8NDYTY9F4LQ7H65ESF8S7Q4XD540EGJ240OL V01TUSJW 6I9O70UYMFWV4S1WM0U32KE')
go


insert into "Post Content"
    ("Post ID", "User ID", "Index", Content)
values
    (27, 34, 64, 'B789F3QSI62 296NTHVKFOLBBDVS7OX8A0X0WMKAEK9QQ1YNR1VHA5M2LR2HWQFV2H5PWFAHUUDX6BXVXOM1VNT6UITQN077G7B52U X5 0MHBFP8OE6UVJRDH9Y77HOU JM0MF45I01N2T XTJ8KD1YURO2Y7YG8RN0PMR 84H0QU389S6UFTA3PXK5JEG 7ACMLCV4LCHVBXHGAH6CS ASR KT96DBM0WAQE6RQLW5 UEM BJ94HAT0URTWW6')
go


insert into "Post Content"
    ("Post ID", "User ID", "Index", Content)
values
    (83, 87, 14, 'J0CNXGBTM4TWEV4AV9 0T2WT1USK8GPXDX241SRATJOYU2ID0EB0SU3FR5DYBGPQ5VF 5NXDH6UYXRSJATUJJTN4OLLGXA8VMDETY9DQJFUQQO3GBYFGCGOPQQARTDRMTAN6A3DSDVH2W9IE6GRSHAETXK7PN0IQ3UQ02FDDN92J8DO6A23BOXDBKVG 6PDIIYX1RA SLM3V QCVWSSP8LCKOEQ4GSJYI4132E1SN0T9UBX7MV0PP SGCXXGTKP')
go


insert into "Post Content"
    ("Post ID", "User ID", "Index", Content)
values
    (96, 64, 53, '12DA1BUWY7D9BD3120KAUXRQ4CJNREPFW5UIG2I3WLC757XXRNKVGM598E2JDX920YM4 UOJA1B0CY5OERBA2CFXCSQVQPEKGFXUPL KFCSCA3KC G3L6E2SALOYMS7HAB0JF 4M8QAKXMA3DGDONK5PQLQEVLKEKAQ52A1K3LDKS3SM 2K8H GNREVFFUH1FBY1 NUNFX6M3OFPEXFHYE0W5RKMYCR UTGWVH3AUBW3MAEJYBG FLJAOOC0KLO')
go


insert into "Post Content"
    ("Post ID", "User ID", "Index", Content)
values
    (87, 85, 17, '2R5DBXUJE3XYWMW6M0PCS0OU9RW K LNYR3KD8V1275E47RRYAKLLBVN53S50TX1F955PXM 5PDUWV7SY6VX7W0UXHSTYE9UX72PTNCUAQHBFYLBBV2RXMCHUG5HFQU200A415CI QQBMUIL0BNAH3UTXC7FY HVCURHJGREPLHV02WNMJA0OFY FWILFBVLG6IKXTSDS3KUFCS1NFA W22SRMBKDH87WPW39IT2OKICJILC2EI5FODSL8W7E63')
go


insert into "Post Content"
    ("Post ID", "User ID", "Index", Content)
values
    (81, 86, 85, '0JJORGAQGDEA9X WMSTT11YVTGYXLAGUR1Y2W9K151QNMJUM8B93B19WNRTKJA2E2BKGP6JWD98FEV7DSOWW759D0Y31VW4IS34206VL8G4LW XTCKWSJQ6SJDBKCMDAJQAQ0SQQDA6V9ETMTGPFXV RODLELMQFHFTW5OVJJI67X9GV8HE3 SUQFGU608GW0N2VSYTEBD8KGO07 DX31496TQ5JHVMHKQ MNQFCKXQK7D87B2HRVXX6YAH7US2')
go


insert into "Post Content"
    ("Post ID", "User ID", "Index", Content)
values
    (21, 6, 6, 'BK4Q04XR4L2LJUI2D9M5G078F65FOVIMINAJ6J8JU28HN2M V34OKD3KVEXSMIKSG7HS1O4C DUJW698SFKP78 FBH3HUGVX7Q3DIBMURKN4QP1DN JFEACPC0RNPH16N00FFA2A16NRCKIUTRYUX4ODR82W1N7KMOAURXIY2OTCE6XLRLUN987OC72F0TWV1ABJVFMQVI1DBNGV8J2THF5UUK3RKAFFE935MIMVGJG3 P4 F2076RDD838O9CM')
go


insert into "Post Content"
    ("Post ID", "User ID", "Index", Content)
values
    (23, 80, 43, 'E6IKL0WETUA5U3YNXDKHDJL3QNWO3DT3IK2C4 HUJX0RD2U9JNBIQJH6443JV9PC4BLPQTFNS0VOPWSQPJQVG7CE8FYOH62VT0CA N4DJICMW1JMYD0LRK49ANMAM3SPU8E8BG0KU GRBTYU777T03WKBG77WDMUPGXADDLBU158CUQO8NTRN5BB3T2S11P97J81NKY671940UVQKDRAYQC0RVOOX6UE4WD GCW7AE7GGDIHJNAN2PU 7J80E6L')
go


insert into "Post Content"
    ("Post ID", "User ID", "Index", Content)
values
    (18, 22, 35, 'MFX1HEDETS1A MP1CFQWLBEH2190RXXATL57YLJSDF1EX20R10OMU0TOBH9OD960QRHU8EC8CO5Q5Q23N0TAWF6PE17RV3N7GC3HS1JQK32HYH7701RKQISMT76IYRFMWML H6W G203O8UALG8 DVPYSBC7AOBPGBIB1LXU6PB17GR9MSRYT6NAS4YQXE3NBR28A GTND8OXIU87QJTUYE2CNYVYG5C8A8T9IS4B92828B9B5CU3J97L3A8PPO')
go


insert into "Post Content"
    ("Post ID", "User ID", "Index", Content)
values
    (58, 10, 7, 'WBNEUUMXFJQWIKTINVR2P2FXUQLO36RFRKV7HIWOUJOP03E8JQQP9V2CD68L4ESV4765V294W6GVOCNGCY5PNN4Y D855ILG8YU4LUHQFJJ9VWAC83BJKH1JLBG595BIWRBS5K7O93EASP94I6WF70Y8I6D2UFD3 W4E3HJCK F0 H0WO9 AXFTOKBLCTVBTH3U15CGQ3PPK9MRCH0YK1NKQC8JDC53O57O4C47W4SEATKKWD5VER86V 8YL4EG')
go


insert into "Post Content"
    ("Post ID", "User ID", "Index", Content)
values
    (73, 32, 19, 'X3UWEN0EPMOQF8 PYBO4KBAG4Y8PCAM4THS2 TTECUIPN RWW1T3NSHCEW9X7O3YY 9YA1B7RK9KGU62V0 O4JJSLRW4NFF9KGM0MWOISUP21OGUI5RQH1AKI KDNLD74T2NIS1OJFEH564AJSJQU9N5GWL7X0I7CLRO7VUFU4QY9JAF6QD9IJBMWJ0KO536VHF1O3DV1EUH943O28NBOOWIDQ8IMD242JWYMAA3JOR RRXWXRN8F0R2HP9QDBK')
go


insert into "Post Content"
    ("Post ID", "User ID", "Index", Content)
values
    (30, 8, 45, 'QLA4TUJA2HF7LCF4AF9QU8TQF9JE45GK4U57EJ 7V623VASH4E3DOOI55207EHMBLL9 K7G8TO AC8PPK80LPD05UIIR2MGEA0X0IXELO F7JPMWQ6 0AEXLXVEF1OIIXSUCARUJEHK7MXT7PJNEJAHMNOYHHPK48I0B8H6ARXH23RLASTE3S64 H Y6X9H95VEITIXUPLQ98IK1X7MSRAFGSTFAIWJ2  AA27AKD6WF5P3PD61PK8WKYI8 S2M')
go


insert into "Post Content"
    ("Post ID", "User ID", "Index", Content)
values
    (13, 1, 44, 'JV7 MUTJUWXU50K6L4IFQQT2NP8082586L9F5YWE5C2R8TLFUT5 QOXUFUS9VD20YIKDYLXI073K8BEBIBJS95A54 50QA  238 N4H8IFUF7STGI3ETW59WFQRA333WTUMGXJSPH8TUOETP0SS7GOMOJ9GRHNUVNPJCY 2WQBGPBYYRC5MLM2YV0 W CRPLJHK6D J5VB5VX9M4G0NQHJHWUS1TQP6RVXLE8K92HTVPYWUH331ROGNPEN1FDI2')
go


insert into "Post Content"
    ("Post ID", "User ID", "Index", Content)
values
    (36, 16, 9, 'RFYRTWUPD9 12S05EIJO7UF61HICDPL9C20K5YTMCHL55KXAJUW 3TTVA7SE C6NR404BLA40XWC541FRLSFAXN3HELNOUOA UDI8OUIDWQAT5T8TKM7W4F5VDQBP8HMUELXNQQI31VMP3CI9B95J24U76GSXM5DTMCCEGP2XF5BRGDHSY2NVS5KTOGB8K46C298N BKV73NB75NTLTBLB   TFVM8 WEQKNQ ODH779ADJVQA6FETBFX76C817')
go


insert into "Post Content"
    ("Post ID", "User ID", "Index", Content)
values
    (76, 70, 71, 'YOH5N8PH2SQ7BM770II6HVVGBK90JMB3X5LCVPLCJO4 C9GJ0 VF7E63A12K3L6RWR5NLX5PRI33O9FHEJWGSN1WYLOK885K48RO4DQHUQY9D3IMTJEGB25JSE7NH94X1OYVS86CKSIWROU372UNNP FOLYUM7MAYC93OX1NWSGEFNN4VME3M42CQBATL9OXB2XRHD7WH8RENJ405VRSU6YVNDTUVT11OV3DTGNRHQ2M612LK97G AQUD45S0RC')
go


insert into "Post Content"
    ("Post ID", "User ID", "Index", Content)
values
    (25, 66, 91, 'XRBW0FG1UNY0RJCK48TPR6BACH3K01I3 TLCD7Y8 CT7VNPY 7VDL9LGWU852P4UV0TCAC5AUX67N9U62EBV59OEYLE11SXW0K1 HO6MXOT7E9AK7DIKTPNJENVT4PUK7XS 4NR J7C38 2IV9SERRC58GISYN 374HL84LVQDDAPPXSKQY9NH7GV5T42N7H 3AG2EQE736PVI5OL5QSI0X1C65FQFI0BE8BERUESQ6E73OV2IPB3V 90XTERI6')
go


insert into "Post Content"
    ("Post ID", "User ID", "Index", Content)
values
    (22, 94, 76, '0BFO6 P8DVYLVP JSW9TS6YQU75KJ338GK6GKY 4HOIGYXXJ4N3L4CB SP3NSBXI60Y0POP87UDA7MWMVQGTOECO7UIVEI01Q4U6P43P 8V4M1JJ3VD4EVEV6TLKUVUG3CFLWT2T6RD 8M6E0UVN98R7NWULL0526J5OQOQPVCSHRORKW6QLQDDQR 166O34V3I5C009JCBOYQMHCMIN1L4B1KUR6MP4E5CWLS3CBL1BTEQR4CYE1MYKG7G86JP')
go


insert into "Post Content"
    ("Post ID", "User ID", "Index", Content)
values
    (90, 41, 11, '7HDQQCWNYG19NYW2UUQSUJM2O1XB RLX3VDKLT9W184D6PB8RCWY84OKFFL9MFUVEE9HYKAD614LKIIPGV1801C3FTD8AKUELQTI58SQU 000  WJK TV71K7XRPL6Q6 EK6 V6 E33MQ D8NTIJK7XSETIBQDQDGJVIVN147PYXJJWGEGG55I6NK KJ5TYS5UI29YXVVBGW 6TPNQK03 BWRHRXN4LHJPALVRK6IBEIMR5QMYLFJH5BV7EO447')
go


insert into "Post Content"
    ("Post ID", "User ID", "Index", Content)
values
    (99, 4, 77, '1RH2FPGMY5R1MDIORVAW3NHHB7UXWOI9SCA3GPL11U8B239PMTCW44C9155 AOYD7 50VQH2A6MKYEBABRPV7OYVBKRJI1OKKXQL4EH0I7Y691GI5FB88NW5TV10JKI JEN01MMEMNSWODNUKV 1C622G4CB4QKADHDE3YCXGY6QF RF0HT8E6HSVOJQ8OYJ VQFWN6YFN7UUIXBLOBFR9GXSWHY49FUV9IH 4 LAJ BI7FT4LWT3TBCHS11RGT')
go


insert into "Post Content"
    ("Post ID", "User ID", "Index", Content)
values
    (38, 16, 8, 'P16QCNC13KRV1XGDVQWRYMVFO0G0Y6DUT8N397FS 9NWDLX9KFXAR3NA5ETFJX5U7QEWRAODGH5O66WLOXGN5RECY587KDLVX6EQ 3HGWKSW6CA0CHDO6YED2FP6P88JES A5TG37WXX ALX CAI5TLV6UEOOKL7AJXGVF4JAPM6TT163 1 QSQB3BIHAQ8MEYDI7D5DYPVRFGBT66M8IT1G093M6JBC5PAG2 8LL KNJ23JIG0K KVFQ4GANYB')
go


insert into "Post Content"
    ("Post ID", "User ID", "Index", Content)
values
    (61, 57, 15, '5JOII19IBD0FSEGACWYVFH4HL55UMDMDXEN5KPLX8FKFVNHB20VQR7RF C9W72SIYWNXINFEN4AP61 L3WDTXGJJWJR2VPN36YX3ASS6DNK BY3Y9NHGX4TO6LH12Q2WK3LF0R9K9YVPJ8L89E0DRYG3NJ QL2HG3612MJKS73QRO0SCFTQ RGAQOXE0Y87D6MB511KCQ3K8 NJLSEBHIA VO5211K7YSFK6685KQ7P4RRII OG HKTX2MMS2 2')
go


insert into "Post Content"
    ("Post ID", "User ID", "Index", Content)
values
    (8, 20, 63, 'D59CXVCMO45AITVRQDUBP COQNOQD6E4KIVHKX7Q21 4HDKAEGGJCCDES6EBJETXRJOL0UFU394UQ02CA3AAXHM VTY18UAYFGAXB1086I6XX1VFD2UUQUNWQJXK1HYPOAGK1DDGIK4 QU6LTM6II AI2XAI VE4AP 1N5I9CKL8TCTRUYO5 LJ47N5EW6AA6S6FVELJJ5B7T736F E AGK173GL39XMWY8IRITK2A7RWH2Q23EWB7OGT1VFU97')
go


insert into "Post Content"
    ("Post ID", "User ID", "Index", Content)
values
    (24, 56, 25, 'H4IA02NX43W4MRV C4LFM3AS50A5R9NXSNO2L97YNRAE3URADB32XFFJ6RLHK 9DSOF6H284S6A6A7CX7SPCCO7N316EFRT0RTW MJ2WWM7G9JM9R48XEC7HT56IBN9WQ57UNWW2V4EQX2VQD2 3ES43 G05QTT1UA5R9G3NMRYXAA9NMC8MU67WYASKUT2NYTQ0EYW55 WW2UGCT83RVWWCIQ957LARXOFLLEQGT3579  JCEONLYW580B5H26')
go


insert into "Post Content"
    ("Post ID", "User ID", "Index", Content)
values
    (84, 5, 38, 'X19R4J0B 5BNKWSLGIQEMS295KTB4BQUY3TLUCSBI S7I3BYXNXFUKEAPSPI3D8E Q993AMN YFGFKOPKEOMPCYA 1SUGV1UTHTIYTQGMK BRNHB8E220MP64CS5T3SN0F8CJDMI503R3JBWDGSV0PONGWPQJBVDK87WOW9PGIH8D1EGWUBBOXXLDYBREJ92ELY7A9FVU5L2TTD04F4AKH1V6 W84PCSPCDR7WUO7EP EPE1N 8Y9W0ICN8TSTV')
go


insert into "Post Content"
    ("Post ID", "User ID", "Index", Content)
values
    (14, 53, 98, '4X5QH1RI1OPH10YG0KDD1676QJMF8T2DYPYYGT97NSFOV3S46ANY2TAONY8H8RQK49UWNEWDYTIRFNGA3224LYB4DQASOTUL55MLH81WCF9JMRYDY6GH 36VV677SP9L2WXEOCI64LTB9QHOMAWANSCSDONR8X94BG3D2VC5XASKFKNYF9YGDFUCC5QDPJ 10T7R46T1SR8NW7F3YDORTK8KA8L31WSK6AN7Y45STSM VELB22WDQY6XBK7BLU6')
go


insert into "Post Content"
    ("Post ID", "User ID", "Index", Content)
values
    (42, 20, 99, 'PK USHGP9OE7EXESX7666GW68BV0DFHR18D5QKRI1VVYYG5A4L7832 KCX5O7YIFV7HBT4FF7V 31R 41C7BDYJCRMGIH SR034VCKTEADYEV3YVSCUULWV 7ARV3LR9VYV3SDEADOOMFLVSHKXP5NICS7QBOQRAFV  WNLE0XTO5WH74QPQAW24FP3W6FFOK0X1ESJ IVVAVMOVTP1PS8X0MUISL1CVSWC80B74KL2A422OAVR436OM0P17QNV')
go


insert into "Post Content"
    ("Post ID", "User ID", "Index", Content)
values
    (48, 41, 26, '1D2IJJMMDASEXFV0DDQFYWM2P8R6VJPFPCFD1F6V1LQ63GQSX27RRC869W6 NF5MFCODQEFI9V7B7FBYVH M60QGPS388I HQCW45QY09I51B5ECDE3D474R3AIEQHK3SOUBOCYWX60ABXRQATEAK8JD971J419DXG2DLARK1PONVGQODQ3COCSA 5KHR1RSOM7GQHSVPIV4CNF5SJEJKYIQQ21PKWL8W6TA07BV9MWKRH6196GYJ3QVTU54EO1')
go


insert into "Post Content"
    ("Post ID", "User ID", "Index", Content)
values
    (74, 66, 97, '1CB9FSBKLJYF6P25VK0AO2VCIJ053V0VNDNHEQ7J0A6XWEQST0BBB6A2BRUCGHUO0VJRQTDXA623N7SEQC86SIGORQ1JT IBJTCHE1UOLURI6W4DPOVM5FB1LNG7L YPL2FUW2RII667VGFV4J9PT0OTUSI4H90K5SG75EJ5T2TD6BDB8ITF95N2UK8KJB0WM4RQSHJ98 48U84LSP4HDSIQPTVO8WCEJNE9NA4SHXN5KFLIP170YO8L4DYP2PS')
go


insert into "Post Content"
    ("Post ID", "User ID", "Index", Content)
values
    (94, 14, 49, ' ER02R2L4 SW L0EY599TJP283W0LV9X73D77O7GR6KJGWNQE3CNTXBF0BLQU0IS T9VYI80UEWBGOD MGRSHC5ICLA6MU3J32M4RFSKMQP NAY9 H7Q FQKL993QW6PTMT5U0U1DE3CU1N593KRGOBAC6IQAM257BTCNHXN3W2HAKPQQ5AGG43Q0KE4AVTB1P87CE 2AI49FL1JQUQ8BQTUGJE0GI0GAXR6UF78M9J4BKXF0O5R1QUP9Q5BWUI')
go


insert into "Post Content"
    ("Post ID", "User ID", "Index", Content)
values
    (62, 67, 20, 'P8MYT04YRLYSNIJ3PSQ78D2AL89OR04S34L167YIGFW4SXHMFSTCSARBGSR1FS9WU2B8 5QWEJ4V2OANSP8PS4E0M5LA58F D4ERWTYSQ3VKI2XDAQS710BPSPTHXFQ6AVXKY1F9NLR0D8SBIB VFN9JDCD7C0Y3Y25BXA6EJ90W9VO06Y2AELNRD84PTJI1MKS1QXB6 OORY41E PPC2H1PJGOY3G9JWT475LVPDTLH8WE7THC7A14RLAD9E56')
go


insert into "Post Content"
    ("Post ID", "User ID", "Index", Content)
values
    (73, 27, 83, 'C14MTX4 8 0DJH04KCL01CKIEDQR0BBF3KUA5BU460PH7L21RN0HKKI477BI8OYKCHU5LHPG0XT156DK60KJ7FW9K9M5BEI4VL0 0BMN0Q0AUDJCVXLPCLABP7ES1 HX2DRGXV1RCXQ6EB15XY1UHQN52UOBG5QTLORV6OAJ2BJF1KEN9NMOP28USQPLOCA DGMUYQ3RYJFHRWETIQ0Q0HMWOB94C3VK WIKGY23GAUCMTWEKGNWSUVU52 LK0X')
go


insert into "Post Content"
    ("Post ID", "User ID", "Index", Content)
values
    (68, 57, 69, '5GAT5KK4A71MF4UFN3LGSFAYHXDTJ56NVH7XFHLCXQDIQQ1T7 QFKYFG5 K89IFMJ1C4C9TKD9KQGNIICH44DK3CWCKFEKR6OAUJK9KYWVC0G58NJXCULY I1 3P0340EJ7RBS426LRV9QTGOJHCGONAXG7DSVW3XW7PA7HN LV939C47EY99J3BTA1 M2J5PHDS2E16F1T0HII36LQL 9T22V9LV8VURW BS94MV4K8XGVXN59BAP245MRK4G8')
go


insert into "Post Content"
    ("Post ID", "User ID", "Index", Content)
values
    (96, 77, 13, 'CV73SMAQJ8 LII8CPSELRV8NDMGINVA0WN8WN991JQQNR844CLU9JGN53O6KOO2RMNMO6WYA8LTN3DKTUB31RMN8G8TA8YIS25J2M9FCCH2 BN1FHERGMQ734UH8RK51XJXES4X9FU2VJBIHLE1HANB2HEHE LG6G0BFF641AQITMTUD5DTWEUS7TUB7910TVDFF4BD76UB1HLXRNF2R6TQUA04FHSK5HXSOKQC3M4BXVT87HN3IBWQQ5WITU96')
go


insert into "Post Content"
    ("Post ID", "User ID", "Index", Content)
values
    (74, 90, 81, 'PFOKTLNAYELHK33SJXPW8KPWJTJQEXU OJ03IEEX365H1B9 H T19FEKM86GTPUO3O898KMWFQ9JGQFW7X58P0CPFDXCBL8F3E1O9UI3GVBJ9ML2HG245I2JW5NAUX212GER6UQWVBHP0WJV7F0SAXEBPP88NTU3DET818CHYUOO5F5QT1FASNY3SHDIWTM1V A1857B07HIH8 8L5IQ0GOBM6NU0 WR6JC05MQK 1FIXK8YCQAR7GGY OAYL9X')
go


insert into "Post Content"
    ("Post ID", "User ID", "Index", Content)
values
    (3, 71, 65, 'O6K YWQLG210NDISO69GSGSCDUCYMB05JB9PER690URTEFVU2IEH52URKM3X5E7390NU7OYUTFDVAOMKR5CJ0NALM7UUO42UL3RF2WY12L4GPDPSTF918VM48498O786J46 RKRX MSEXO3 07N89UTQ3EWF3YKOAER9V948F9VN0DE  LN3UN0HT5N2KMUYL3DA1RFRC6CMA2VW50OFG3EG4O68LF82W8V1C3F8HADVJ1RRFQP1CNCOUB1G471')
go


insert into "Post Content"
    ("Post ID", "User ID", "Index", Content)
values
    (75, 29, 61, '0O3GEPMEY8IKP7XO3T3HQEUA9D0MG5JPMHOGXCVWPBJLLRDUGAYRST4TUCICW 4SBXPAHH 6QESUXXES9UYEIR57RHW19K78M66VLSJEU5SV011SVJK3DV7J80WULNXVIGKJ2UN07C7AX9F9O2SBXQGPBMISCY9 6964377AB3MCVIRFUXAHKJ83AQSOEE56L3OEBC6S4LVOCTLFDMC O 8C088RJCXHBM9J52C JUJ09TDDJGST2PCG76KKYDN')
go


insert into "Post Content"
    ("Post ID", "User ID", "Index", Content)
values
    (43, 15, 32, 'IJ3G5 9IE0KLSABMCJD80PG1T6219LTKN7TPHEIMAI53DS1FEQS96HS 4F 6DEK21RCMKXFD1Q1VH3NXPM2XHKJPLXASCE 9EO28LT5LOH37XQM9QB4L3S2F96SA9CQU69MST9ONFFNWVV3HC SSITNC3Q7Y8TIS1CAGHCKCDLQ0CP42T24RO6G37VH7SO9XM4LPNUSV322GDK 28OUTXFT1OEEY1MWXIR53JJM9YRP2PKHQT2LTE54NOTX5D58')
go


insert into "Post Content"
    ("Post ID", "User ID", "Index", Content)
values
    (50, 73, 67, '405557V6KN8DL0NU7U5FB2R B6NXGVNEXIASESVO85DUVJOHL8MD3D8VRTM1IG3D5NB7NHITEGNF97 E5LS7LL173QO67IVUT26K52NXRQ5LBEE2PD4PC76S3N4TFJ8DYXJKETICFC3WJCUQXVK4X2RC3LIUKLKRUR KUQTQFK25U6LIDRTL0LOGAOTCQS8O7CL56LNH05D75KH2D6 TS0 WM1Y7J6RQERJW7MUSF1GE5DSF2U3PGP9BEJTQE L')
go


insert into "Post Content"
    ("Post ID", "User ID", "Index", Content)
values
    (56, 57, 92, 'NA 0IMUYW8IOLY05WVCR 9  AYVLPO7VGJXHO3KPNMN4IOAPCQR0MEJG9Q3215T429QIUK2YEON7LV6HNXFB1CMCT7RFXXCFS1RB09KQRNT36GQCNNG4WST3BW6BTVG3D9AK JDM52T9U5F31IYD1OPNU55HG I2BJACOX86F024EXOIW22Q0E0VM7YXDWWCG 12FLQ0GT7S68KGXSNP1GW  LWA9OFW9PFJXV3WUFY7QIJ3FCNCISPMMRBYY1R')
go


insert into "Post Content"
    ("Post ID", "User ID", "Index", Content)
values
    (12, 2, 21, 'RN482EQ33QO2TB435W8HORH0OV78VS5X21WOT7JVH42M6VO037RPHH6S4T5UD8JRWTCQ84IOX98X7BB4389EBXG9Y22E8BB3LK4F2ABO2LSDY T5RB3X6PTHWGTE1FURC0IVEMA94BV2YIKQVQ3EG5JHD4KGDR4YK8A2MIS 904 Y08LCTFB3HUFALF8 XTLERD6GH2RWKKKS07PEX9M7QWYDUKLYRGT A383J4WILG94V5CAULTDWFTA4G9LSG')
go


insert into "Post Content"
    ("Post ID", "User ID", "Index", Content)
values
    (91, 30, 23, 'WMXA4J1YQASTPLSEIDW4RKMLI2UK1V668S9A5 8PBQED9BOGWUUCELS EQHVMD8A7X69NYJNTNO8UUF9Y4GN9BI1F97KIEB071MFHQ59TGMTNEQJ18CJ46KGB1SPC7KV224 KV2QLD7UFQ9R7BKHQFLBILT9GOC59FGR SDYQC5UA2URQ 1U718CP LNQWQ ES51K0V233S6JG8R2BTYMQFE880FOBWU3J36JVRIT7K0KL6HADVHIINAL3IM2W7')
go


insert into "Post Content"
    ("Post ID", "User ID", "Index", Content)
values
    (7, 47, 31, 'G5BMIR2E8FRV0 3ELANJ7ABXRT4A4 NFQ5VDJ5RNMEKJU AB13FGSFJV3X2PRQW5P3KNF0DLXJ3VJ859LQ3SK1MFY9AFMHMH2F7S3BH2PO6AHJR5VAC7ITSEY1ELVU12U813CQ2WT2M0KNWNAPC42SHB14Q888NL0WD2IXLB06VJ44G6ECAM5SHPLCNYA8FJ5MX9L7X5JXFLJ38OSIYPHJL91XX8310KI0CCHSGXWED 537UQAWN2Y 6EGLN97 ')
go


insert into "Post Content"
    ("Post ID", "User ID", "Index", Content)
values
    (93, 95, 51, '74K7EAIK 2W4TLIKT7IM7DIEDXJHNV9B3CJ7LQNA0REI3R775YOHNUBWMV6VQTGYW98WN19M85FSWR3VXTC71QJGV7VRDL5OHF5W1L5FLPN8MP6W IH473R6O297170V69NSWC D8GXNXLK0KNWG8Y93W IT OX3LHB121GNEIV4HJHYSYKC6U2RLL1EI299U26I2MTAVH68 4MLWSDTG BBON9QSCKRB3PMXD0NB 70U28RVYLTLWN50N6Q5RT')
go


insert into "Post Content"
    ("Post ID", "User ID", "Index", Content)
values
    (15, 22, 22, 'JGLBGMHJF651QS9TSUOGP5XWDY1BNB42G4JHKBYKD21MVN0RVGM18NTMLI3 X3HGEMIJERD6Q 3VD1PAIHPSAFI2A43A47S8VC98YKRFVAWIXA6GBX0WIPP3S1CVVE40NKEIB0MPX2E3WSPLAICHMQNF8Q33FGU7F7VXPPAKF3N95HE32VP9FOSDL47XL7OEII5RYU4UR73M37QHVQDM4RP1T7TW6WWORNA4X6V6S0BL60 1GU 554AE0MCVRGC')
go


insert into "Post Content"
    ("Post ID", "User ID", "Index", Content)
values
    (22, 88, 96, 'QSNH1E0 R5ERQFX0G7W9CBA99KYJRP6MISY7026GORJ4DO10V6EJITX0Q80LEHLEYXYYXMB0LH6PY29YBF43GCM2M0SVUSV64MY7DJ5W80K AA34V0LTF2SXJDEI0NCO VP2LDNHWL69XKAAVDQL5QUTPLN8B18NNI9Y65MDQOXT981WFR7XH9TTL5F48U0YKF SOWP0SN0EJWFJOBL0W9 VLJHI2EMTFKGB7WQ LM2QMP6 8P5W43OWOW0RNK7')
go


insert into "Post Content"
    ("Post ID", "User ID", "Index", Content)
values
    (11, 59, 86, 'KKQKUT6YJRWW2C6VXIXBOFNYGIWX56ALQVYLHDFQ10JGJ1MPRCTQKVCNVO9Q0TM936HMP9A1XQFDGN6V78DH72C5E1IG5I6FH7ON EVA8GCI9SYV0  L2M4DX76MC8MRO7FB1XPISOF1KR1WYV3WCSFNPM62 LKVK25PY7 E5VPDX06XO48U3H MYAIMR0TYEVQTS1GRLUJA4PP1K2S1S8PV89V6SOO7CSETDB57NDJCDJGRD3PPCNGT2ARWFRX')
go


insert into "Post Content"
    ("Post ID", "User ID", "Index", Content)
values
    (51, 37, 10, 'P70F1 PH 4UHYHTIO889P7 1 L93KRO89BMP3D9N9KOPFK1CGMWJVX52SO7JNGPM5OJS3KBXF O484GAS W9EVJ3F6YMRBCA F0DKJFVN15H9HNGWASK4EQJBL3WXQJ3A66XK4YGHNFMAO9BO6Y86PPIGGCJKCA3EDN130KPOG MB8BX5GH9FW9KVWL2UTUNJGSWMPCB078GI1XSUF911700X8QQ0QJ7C9BJ1UC802FU0KNATDF52J4D 01GVA9')
go


insert into "Post Content"
    ("Post ID", "User ID", "Index", Content)
values
    (13, 77, 48, 'PS9L52GUED2V9O9PGN19HWID9QD08DTW000KJCENRXLM17QD30R3JR71YIQUO9BVGYB7XECX7RV3694JGMYPK06KQ4ID3UWEJ5R3X2BLX1OAD3BE 1K9DI26EDLRTPSMG8LLQ9M1B3X4I5XS HUI2YHQFE0C T7XCH5FJTQCI4C X HG1QHBRMIP3MN9YLNCQSPPB8COT 2APP5TMI8K UALLHW8MK50XBLVIRBU MU30NFR8IYO5SV2O77HXV0')
go


insert into "Post Content"
    ("Post ID", "User ID", "Index", Content)
values
    (77, 12, 80, '9T0 2O77O9YLA1PA48WRLHNVH5PNIGJ0A6S7LCYCJP7US5W4EQ X010ICVG7W8FWFU1WBVCDBCJLTHKMBX3XIA2A4RODK0D8RF4FP56BMO0RFT76CTUG U8TKAI46YO68BWVVJJXUH3SMCW SAJNSSQ7FGM3FV1T6ICD1NTFUI6MD2GMMCKV14VXI5AV 9XVUH58W4HCIC OGT2L BVNOURW5WD5GF3ELNAI380M1K51FWQH 1RI4R2XT4Y4368')
go


insert into "Post Content"
    ("Post ID", "User ID", "Index", Content)
values
    (33, 98, 55, 'D65QGS3TH6JMX7IGL9TV1P1D9QNGS6IS0H8OAQJ  4JWGFY9U8LBW1YJ30TPX78CR L4TV7AEUPWNQR0AA7N3L97YYD3OTU5 8P7PGIB37NHL4RATDQ8KCUKAP4XEHC3PRCX4D101K4O20J1K4X3UYY0B3RG3JG N4QQ84MSB5WWF330XGJ8PR7632S2T840QXXL0AIV7H8 9QRXXNP VUADMFM1M1JVU5UEOYGMC9SOUQD3UY4FTRGK0XYVR7W')
go


insert into Follow
    ("Follower Time", "User ID", "Followerr ID")
values
    ('2011-3-11 6:56:7', 10, 9)
go


insert into Follow
    ("Follower Time", "User ID", "Followerr ID")
values
    ('2026-4-13 12:49:25', 73, 73)
go


insert into Follow
    ("Follower Time", "User ID", "Followerr ID")
values
    ('2014-12-18 8:31:30', 15, 15)
go


insert into Follow
    ("Follower Time", "User ID", "Followerr ID")
values
    ('2041-6-29 18:17:47', 61, 61)
go


insert into Follow
    ("Follower Time", "User ID", "Followerr ID")
values
    ('2011-11-1 7:12:14', 30, 30)
go


insert into Follow
    ("Follower Time", "User ID", "Followerr ID")
values
    ('2020-5-2 10:36:46', 25, 25)
go


insert into Follow
    ("Follower Time", "User ID", "Followerr ID")
values
    ('2017-6-5 9:31:55', 89, 89)
go


insert into Follow
    ("Follower Time", "User ID", "Followerr ID")
values
    ('1998-4-26 2:39:13', 96, 96)
go


insert into Follow
    ("Follower Time", "User ID", "Followerr ID")
values
    ('2003-5-22 4:36:51', 50, 50)
go


insert into Follow
    ("Follower Time", "User ID", "Followerr ID")
values
    ('2021-2-2 10:50:41', 8, 8)
go


insert into Follow
    ("Follower Time", "User ID", "Followerr ID")
values
    ('2004-9-26 5:3:42', 94, 94)
go


insert into Follow
    ("Follower Time", "User ID", "Followerr ID")
values
    ('2018-9-14 10:14:27', 47, 47)
go


insert into Follow
    ("Follower Time", "User ID", "Followerr ID")
values
    ('2035-7-5 16:7:22', 20, 20)
go


insert into Follow
    ("Follower Time", "User ID", "Followerr ID")
values
    ('2012-12-15 7:34:28', 54, 54)
go


insert into Follow
    ("Follower Time", "User ID", "Followerr ID")
values
    ('2010-9-28 6:37:0', 39, 39)
go


insert into Follow
    ("Follower Time", "User ID", "Followerr ID")
values
    ('2030-10-21 14:33:42', 95, 95)
go


insert into Follow
    ("Follower Time", "User ID", "Followerr ID")
values
    ('2028-7-4 13:22:28', 43, 43)
go


insert into Follow
    ("Follower Time", "User ID", "Followerr ID")
values
    ('1991-8-7 0:28:39', 67, 67)
go


insert into Follow
    ("Follower Time", "User ID", "Followerr ID")
values
    ('2008-10-4 6:7:57', 74, 74)
go


insert into Follow
    ("Follower Time", "User ID", "Followerr ID")
values
    ('2044-6-19 18:55:11', 86, 86)
go


insert into Follow
    ("Follower Time", "User ID", "Followerr ID")
values
    ('1997-2-8 2:22:28', 24, 24)
go


insert into Follow
    ("Follower Time", "User ID", "Followerr ID")
values
    ('1995-10-31 1:57:28', 16, 16)
go


insert into Follow
    ("Follower Time", "User ID", "Followerr ID")
values
    ('2029-9-15 13:54:35', 88, 88)
go


insert into Follow
    ("Follower Time", "User ID", "Followerr ID")
values
    ('2043-8-5 18:46:55', 7, 7)
go


insert into Follow
    ("Follower Time", "User ID", "Followerr ID")
values
    ('2038-11-22 17:20:13', 38, 38)
go


insert into Follow
    ("Follower Time", "User ID", "Followerr ID")
values
    ('2004-1-25 4:49:48', 51, 51)
go


insert into Follow
    ("Follower Time", "User ID", "Followerr ID")
values
    ('2016-7-8 9:11:43', 68, 68)
go


insert into Follow
    ("Follower Time", "User ID", "Followerr ID")
values
    ('2015-10-6 8:51:12', 87, 87)
go


insert into Follow
    ("Follower Time", "User ID", "Followerr ID")
values
    ('2042-5-21 18:25:52', 1, 1)
go


insert into Follow
    ("Follower Time", "User ID", "Followerr ID")
values
    ('2018-1-9 9:43:28', 56, 56)
go


insert into Follow
    ("Follower Time", "User ID", "Followerr ID")
values
    ('2006-2-11 5:24:45', 2, 2)
go


insert into Follow
    ("Follower Time", "User ID", "Followerr ID")
values
    ('1999-2-9 3:11:38', 78, 78)
go


insert into Follow
    ("Follower Time", "User ID", "Followerr ID")
values
    ('2021-12-24 11:6:33', 59, 59)
go


insert into Follow
    ("Follower Time", "User ID", "Followerr ID")
values
    ('2040-3-5 17:57:2', 40, 40)
go


insert into Follow
    ("Follower Time", "User ID", "Followerr ID")
values
    ('2022-7-29 11:22:42', 3, 3)
go


insert into Follow
    ("Follower Time", "User ID", "Followerr ID")
values
    ('2042-11-25 18:33:37', 52, 52)
go


insert into Follow
    ("Follower Time", "User ID", "Followerr ID")
values
    ('2048-11-16 20:42:30', 31, 31)
go


insert into Follow
    ("Follower Time", "User ID", "Followerr ID")
values
    ('2023-9-16 11:44:54', 60, 60)
go


insert into Follow
    ("Follower Time", "User ID", "Followerr ID")
values
    ('2027-9-16 13:7:40', 79, 79)
go


insert into Follow
    ("Follower Time", "User ID", "Followerr ID")
values
    ('2040-12-9 18:7:23', 93, 93)
go


insert into Follow
    ("Follower Time", "User ID", "Followerr ID")
values
    ('2019-6-27 10:25:7', 80, 80)
go


insert into Follow
    ("Follower Time", "User ID", "Followerr ID")
values
    ('2026-11-25 13:0:0', 66, 66)
go


insert into Follow
    ("Follower Time", "User ID", "Followerr ID")
values
    ('2021-9-5 10:59:2', 5, 5)
go


insert into Follow
    ("Follower Time", "User ID", "Followerr ID")
values
    ('2031-7-4 14:48:5', 82, 82)
go


insert into Follow
    ("Follower Time", "User ID", "Followerr ID")
values
    ('2016-12-15 9:22:10', 26, 26)
go


insert into Follow
    ("Follower Time", "User ID", "Followerr ID")
values
    ('1994-9-1 1:40:15', 71, 71)
go


insert into Follow
    ("Follower Time", "User ID", "Followerr ID")
values
    ('2006-8-3 5:34:59', 12, 12)
go


insert into Follow
    ("Follower Time", "User ID", "Followerr ID")
values
    ('1992-1-5 0:43:35', 17, 17)
go


insert into Follow
    ("Follower Time", "User ID", "Followerr ID")
values
    ('2038-3-11 17:7:30', 81, 81)
go


insert into Follow
    ("Follower Time", "User ID", "Followerr ID")
values
    ('2029-2-24 13:37:22', 46, 46)
go


insert into Follow
    ("Follower Time", "User ID", "Followerr ID")
values
    ('2033-11-29 15:38:59', 92, 92)
go


insert into Follow
    ("Follower Time", "User ID", "Followerr ID")
values
    ('2049-7-28 20:58:49', 13, 13)
go


insert into Follow
    ("Follower Time", "User ID", "Followerr ID")
values
    ('2025-10-3 12:29:53', 41, 41)
go


insert into Follow
    ("Follower Time", "User ID", "Followerr ID")
values
    ('2047-8-15 20:5:15', 19, 19)
go


insert into Follow
    ("Follower Time", "User ID", "Followerr ID")
values
    ('2014-8-1 8:14:27', 32, 32)
go


insert into Follow
    ("Follower Time", "User ID", "Followerr ID")
values
    ('1998-9-5 2:56:48', 90, 90)
go


insert into Follow
    ("Follower Time", "User ID", "Followerr ID")
values
    ('2025-2-13 12:9:47', 29, 29)
go


insert into Follow
    ("Follower Time", "User ID", "Followerr ID")
values
    ('2030-6-13 14:17:8', 10, 10)
go


insert into Follow
    ("Follower Time", "User ID", "Followerr ID")
values
    ('2046-10-4 19:50:49', 42, 42)
go


insert into Follow
    ("Follower Time", "User ID", "Followerr ID")
values
    ('2000-8-6 3:36:35', 77, 77)
go


insert into Follow
    ("Follower Time", "User ID", "Followerr ID")
values
    ('1992-11-5 1:2:19', 97, 97)
go


insert into Follow
    ("Follower Time", "User ID", "Followerr ID")
values
    ('1993-7-4 1:11:56', 98, 98)
go


insert into Follow
    ("Follower Time", "User ID", "Followerr ID")
values
    ('2012-7-4 7:21:55', 44, 44)
go


insert into Follow
    ("Follower Time", "User ID", "Followerr ID")
values
    ('2050-3-23 21:13:12', 6, 6)
go


insert into Follow
    ("Follower Time", "User ID", "Followerr ID")
values
    ('2037-9-28 16:57:15', 34, 34)
go


insert into Follow
    ("Follower Time", "User ID", "Followerr ID")
values
    ('2018-4-26 9:58:25', 84, 84)
go


insert into Follow
    ("Follower Time", "User ID", "Followerr ID")
values
    ('1996-7-1 2:6:50', 37, 37)
go


insert into Follow
    ("Follower Time", "User ID", "Followerr ID")
values
    ('2031-12-28 15:2:9', 72, 72)
go


insert into Follow
    ("Follower Time", "User ID", "Followerr ID")
values
    ('2007-11-28 5:55:56', 58, 58)
go


insert into Follow
    ("Follower Time", "User ID", "Followerr ID")
values
    ('2002-12-25 4:23:21', 69, 69)
go


insert into Follow
    ("Follower Time", "User ID", "Followerr ID")
values
    ('2045-1-4 19:15:50', 53, 53)
go


insert into Follow
    ("Follower Time", "User ID", "Followerr ID")
values
    ('2032-11-1 15:10:24', 14, 14)
go


insert into Follow
    ("Follower Time", "User ID", "Followerr ID")
values
    ('2033-2-22 15:19:19', 55, 55)
go


insert into Follow
    ("Follower Time", "User ID", "Followerr ID")
values
    ('2023-4-19 11:36:43', 91, 91)
go


insert into Follow
    ("Follower Time", "User ID", "Followerr ID")
values
    ('2014-2-8 8:2:32', 85, 85)
go


insert into Follow
    ("Follower Time", "User ID", "Followerr ID")
values
    ('1997-11-12 2:31:2', 0, 0)
go


insert into Follow
    ("Follower Time", "User ID", "Followerr ID")
values
    ('2010-1-22 6:27:7', 76, 76)
go


insert into Follow
    ("Follower Time", "User ID", "Followerr ID")
values
    ('2039-8-6 17:38:8', 11, 11)
go


insert into Follow
    ("Follower Time", "User ID", "Followerr ID")
values
    ('2034-10-15 15:48:2', 33, 33)
go


insert into Follow
    ("Follower Time", "User ID", "Followerr ID")
values
    ('2024-4-27 11:59:42', 18, 18)
go


insert into Follow
    ("Follower Time", "User ID", "Followerr ID")
values
    ('2045-11-17 19:31:42', 70, 70)
go


insert into Follow
    ("Follower Time", "User ID", "Followerr ID")
values
    ('2009-3-6 6:17:42', 22, 22)
go


insert into Follow
    ("Follower Time", "User ID", "Followerr ID")
values
    ('2030-2-14 14:2:49', 63, 63)
go


insert into Follow
    ("Follower Time", "User ID", "Followerr ID")
values
    ('1994-1-19 1:24:56', 99, 99)
go


insert into Follow
    ("Follower Time", "User ID", "Followerr ID")
values
    ('2007-6-17 5:47:30', 28, 28)
go


insert into Follow
    ("Follower Time", "User ID", "Followerr ID")
values
    ('2050-9-5 21:31:0', 4, 4)
go


insert into Follow
    ("Follower Time", "User ID", "Followerr ID")
values
    ('2001-6-8 3:52:6', 36, 36)
go


insert into Follow
    ("Follower Time", "User ID", "Followerr ID")
values
    ('2005-6-25 5:12:16', 64, 64)
go


insert into Follow
    ("Follower Time", "User ID", "Followerr ID")
values
    ('1990-1-1 0:0:0', 83, 83)
go


insert into Follow
    ("Follower Time", "User ID", "Followerr ID")
values
    ('1999-10-17 3:19:20', 48, 48)
go


insert into Follow
    ("Follower Time", "User ID", "Followerr ID")
values
    ('1995-4-18 1:50:16', 49, 49)
go


insert into Follow
    ("Follower Time", "User ID", "Followerr ID")
values
    ('1990-9-13 0:11:50', 23, 23)
go


insert into Follow
    ("Follower Time", "User ID", "Followerr ID")
values
    ('2013-9-17 7:49:33', 27, 27)
go


insert into Follow
    ("Follower Time", "User ID", "Followerr ID")
values
    ('2036-12-17 16:38:5', 62, 62)
go


insert into Follow
    ("Follower Time", "User ID", "Followerr ID")
values
    ('2002-4-25 4:11:28', 45, 45)
go


insert into Follow
    ("Follower Time", "User ID", "Followerr ID")
values
    ('2036-2-26 16:18:17', 75, 75)
go


insert into Follow
    ("Follower Time", "User ID", "Followerr ID")
values
    ('2048-2-1 20:21:52', 21, 21)
go


insert into Follow
    ("Follower Time", "User ID", "Followerr ID")
values
    ('2011-3-11 6:56:7', 65, 65)
go


insert into Follow
    ("Follower Time", "User ID", "Followerr ID")
values
    ('2026-4-13 12:49:25', 57, 57)
go


insert into Follow
    ("Follower Time", "User ID", "Followerr ID")
values
    ('2014-12-18 8:31:30', 35, 35)
go


